Workbook

Sheet Pharma Group AG
A1: Employee ID | B1: Gender | C1: Job Level after FY20 promotions | D1: Job Position fy20 | E1: New hire FY20? | F1: FY20 Performance Rating | G1: Promotion in FY21? | H1: In base group for Promotion FY21 | I1: Target hire balance | J1: FY20 leaver? | K1: In base group for turnover FY20 | L1: Department @01.07.2020 | M1: Leaver FY | N1: Job Level after FY21 promotions | O1: Position fy21 | P1: Last Department in FY20 | Q1: FTE group | R1: Time type | S1: Department & JL group PRA status | T1: Department & JL group for PRA | U1: Job Level group PRA status | V1: Job Level group for PRA | W1: Time in Job Level @01.07.2020 | X1: Job Level before FY20 promotions | Y1: Promotion in FY20? | Z1: FY19 Performance Rating | AA1: Age group | AB1: Age @01.07.2020 | AC1: Nationality 1 | AD1: Region group: nationality 1 | AE1: Broad region group: nationality 1 | AF1: Last hire date | AG1: Years since last hire | AH1: Rand
A2: 1 | B2: Male | C2: 6 | D2: Junior Officer | E2: N | F2: 2 | G2: No | H2: No | I2: 0.5 | J2: Yes | K2: Y | L2: Operations | M2: FY20 | N2: 0 | O2: NOT AVAILABLE | P2: Operations | Q2: Full Time | R2: Full Time | S2: =IF(T2="","",INDEX('Backing 4'!U:U,MATCH(T2,'Backing 4'!T:T,0))) -> #N/A | T2: =IF(O2="","",IF(D2="1 - Executive","",D2&" & "&P2)) -> Junior Officer & Operations | U2: =IF(V2="","",INDEX('Backing 4'!Z:Z,MATCH(V2,'Backing 4'!Y:Y,0))) -> #N/A | V2: =IF(O2="","",IF(D2="1 - Executive","",D2)) -> Junior Officer | W2: 3 | X2: =IF(E2="Y","",IF(Y2="Y",INDEX('Backing 2'!B:B,MATCH(D2,'Backing 2'!C:C,0)),D2)) -> Junior Officer | Y2: N | Z2: 3 | AA2: 30 to 39 | AB2: 37 | AC2: Spain | AD2: Europe | AE2: Europe | AF2: 42826 | AG2: 3 | AH2: =RAND() -> 0.031824451
A3: 2 | B3: Female | C3: 4 | D3: Manager | E3: N | F3: 3 | G3: No | H3: Yes | I3: 0.5 | J3: No | K3: Y | L3: Sales & Marketing | M3: 0 | N3: 4 | O3: Manager | P3: Sales & Marketing | Q3: Full Time | R3: Full Time | S3: =IF(T3="","",INDEX('Backing 4'!U:U,MATCH(T3,'Backing 4'!T:T,0))) -> #N/A | T3: =IF(O3="","",IF(D3="1 - Executive","",D3&" & "&P3)) -> Manager & Sales & Marketing | U3: =IF(V3="","",INDEX('Backing 4'!Z:Z,MATCH(V3,'Backing 4'!Y:Y,0))) -> #N/A | V3: =IF(O3="","",IF(D3="1 - Executive","",D3)) -> Manager | W3: 3 | X3: =IF(E3="Y","",IF(Y3="Y",INDEX('Backing 2'!B:B,MATCH(D3,'Backing 2'!C:C,0)),D3)) -> Manager | Y3: N | Z3: 0 | AA3: 30 to 39 | AB3: 37 | AC3: Germany | AD3: Europe | AE3: Europe | AF3: 42826 | AG3: 3 | AH3: =RAND() -> 0.5350691
A4: 3 | B4: Male | C4: 2 | D4: Director | E4: N | F4: 2 | G4: No | H4: Yes | I4: 0.5 | J4: No | K4: Y | L4: Strategy | M4: 0 | N4: 2 | O4: Director | P4: Strategy | Q4: Full Time | R4: Full Time | S4: =IF(T4="","",INDEX('Backing 4'!U:U,MATCH(T4,'Backing 4'!T:T,0))) -> #N/A | T4: =IF(O4="","",IF(D4="1 - Executive","",D4&" & "&P4)) -> Director & Strategy | U4: Uneven - Men benefit | V4: =IF(O4="","",IF(D4="1 - Executive","",D4)) -> Director | W4: 3 | X4: =IF(E4="Y","",IF(Y4="Y",INDEX('Backing 2'!B:B,MATCH(D4,'Backing 2'!C:C,0)),D4)) -> Director | Y4: N | Z4: 3 | AA4: 30 to 39 | AB4: 35 | AC4: Switzerland | AD4: Switzerland | AE4: Switzerland | AF4: 42095 | AG4: 5 | AH4: =RAND() -> 0.61767753
A5: 4 | B5: Male | C5: 4 | D5: Manager | E5: N | F5: 3 | G5: No | H5: Yes | I5: 0.5 | J5: No | K5: Y | L5: HR | M5: 0 | N5: 4 | O5: Manager | P5: HR | Q5: Full Time | R5: Full Time | S5: =IF(T5="","",INDEX('Backing 4'!U:U,MATCH(T5,'Backing 4'!T:T,0))) -> #N/A | T5: =IF(O5="","",IF(D5="1 - Executive","",D5&" & "&P5)) -> Manager & HR | U5: =IF(V5="","",INDEX('Backing 4'!Z:Z,MATCH(V5,'Backing 4'!Y:Y,0))) -> #N/A | V5: =IF(O5="","",IF(D5="1 - Executive","",D5)) -> Manager | W5: 3 | X5: =IF(E5="Y","",IF(Y5="Y",INDEX('Backing 2'!B:B,MATCH(D5,'Backing 2'!C:C,0)),D5)) -> Manager | Y5: N | Z5: 3 | AA5: 30 to 39 | AB5: 32 | AC5: Germany | AD5: Europe | AE5: Europe | AF5: 41000 | AG5: 8 | AH5: =RAND() -> 0.54846764
A6: 5 | B6: Female | C6: 6 | D6: Junior Officer | E6: N | F6: 2 | G6: No | H6: Yes | I6: 0.5 | J6: No | K6: Y | L6: Sales & Marketing | M6: 0 | N6: 6 | O6: Junior Officer | P6: Sales & Marketing | Q6: Full Time | R6: Full Time | S6: =IF(T6="","",INDEX('Backing 4'!U:U,MATCH(T6,'Backing 4'!T:T,0))) -> #N/A | T6: =IF(O6="","",IF(D6="1 - Executive","",D6&" & "&P6)) -> Junior Officer & Sales & Marketing | U6: =IF(V6="","",INDEX('Backing 4'!Z:Z,MATCH(V6,'Backing 4'!Y:Y,0))) -> #N/A | V6: =IF(O6="","",IF(D6="1 - Executive","",D6)) -> Junior Officer | W6: 1 | X6: =IF(E6="Y","",IF(Y6="Y",INDEX('Backing 2'!B:B,MATCH(D6,'Backing 2'!C:C,0)),D6)) -> Junior Officer | Y6: N | Z6: 0 | AA6: 20 to 29 | AB6: 28 | AC6: Switzerland | AD6: Switzerland | AE6: Switzerland | AF6: 43556 | AG6: 1 | AH6: =RAND() -> 0.60822902
A7: 6 | B7: Female | C7: 4 | D7: Manager | E7: Y | F7: 0 | G7: No | H7: No | I7: 0.5 | J7: No | K7: N | L7: Internal Services | M7: 0 | N7: 4 | O7: Manager | P7: Internal Services | Q7: Full Time | R7: Full Time | S7: =IF(T7="","",INDEX('Backing 4'!U:U,MATCH(T7,'Backing 4'!T:T,0))) -> #N/A | T7: =IF(O7="","",IF(D7="1 - Executive","",D7&" & "&P7)) -> Manager & Internal Services | U7: =IF(V7="","",INDEX('Backing 4'!Z:Z,MATCH(V7,'Backing 4'!Y:Y,0))) -> #N/A | V7: =IF(O7="","",IF(D7="1 - Executive","",D7)) -> Manager | W7: 0 | X7: =IF(E7="Y","",IF(Y7="Y",INDEX('Backing 2'!B:B,MATCH(D7,'Backing 2'!C:C,0)),D7)) | Y7: N | Z7: 0 | AA7: 40 to 49 | AB7: 42 | AC7: Italy | AD7: Europe | AE7: Europe | AF7: 43922 | AG7: 0 | AH7: =RAND() -> 0.20159608
A8: 7 | B8: Male | C8: 3 | D8: Senior Manager | E8: Y | F8: 0 | G8: No | H8: No | I8: 0.5 | J8: No | K8: N | L8: Operations | M8: 0 | N8: 3 | O8: Senior Manager | P8: Operations | Q8: Full Time | R8: Full Time | S8: =IF(T8="","",INDEX('Backing 4'!U:U,MATCH(T8,'Backing 4'!T:T,0))) -> #N/A | T8: =IF(O8="","",IF(D8="1 - Executive","",D8&" & "&P8)) -> Senior Manager & Operations | U8: =IF(V8="","",INDEX('Backing 4'!Z:Z,MATCH(V8,'Backing 4'!Y:Y,0))) -> #N/A | V8: =IF(O8="","",IF(D8="1 - Executive","",D8)) -> Senior Manager | W8: 0 | X8: =IF(E8="Y","",IF(Y8="Y",INDEX('Backing 2'!B:B,MATCH(D8,'Backing 2'!C:C,0)),D8)) | Y8: N | Z8: 0 | AA8: 30 to 39 | AB8: 35 | AC8: Italy | AD8: Europe | AE8: Europe | AF8: 43922 | AG8: 0 | AH8: =RAND() -> 0.25034098
A9: 8 | B9: Female | C9: 5 | D9: Senior Officer | E9: N | F9: 2 | G9: No | H9: Yes | I9: 0.5 | J9: No | K9: Y | L9: HR | M9: 0 | N9: 5 | O9: Senior Officer | P9: HR | Q9: Full Time | R9: Full Time | S9: =IF(T9="","",INDEX('Backing 4'!U:U,MATCH(T9,'Backing 4'!T:T,0))) -> #N/A | T9: =IF(O9="","",IF(D9="1 - Executive","",D9&" & "&P9)) -> Senior Officer & HR | U9: =IF(V9="","",INDEX('Backing 4'!Z:Z,MATCH(V9,'Backing 4'!Y:Y,0))) -> #N/A | V9: =IF(O9="","",IF(D9="1 - Executive","",D9)) -> Senior Officer | W9: 3 | X9: =IF(E9="Y","",IF(Y9="Y",INDEX('Backing 2'!B:B,MATCH(D9,'Backing 2'!C:C,0)),D9)) -> Senior Officer | Y9: N | Z9: 3 | AA9: 30 to 39 | AB9: 34 | AC9: Switzerland | AD9: Switzerland | AE9: Switzerland | AF9: 41365 | AG9: 7 | AH9: =RAND() -> 0.3430192
A10: 9 | B10: Female | C10: 6 | D10: Junior Officer | E10: N | F10: 3 | G10: No | H10: Yes | I10: 0.5 | J10: No | K10: Y | L10: Sales & Marketing | M10: 0 | N10: 6 | O10: Junior Officer | P10: Sales & Marketing | Q10: Full Time | R10: Full Time | S10: =IF(T10="","",INDEX('Backing 4'!U:U,MATCH(T10,'Backing 4'!T:T,0))) -> #N/A | T10: =IF(O10="","",IF(D10="1 - Executive","",D10&" & "&P10)) -> Junior Officer & Sales & Marketing | U10: =IF(V10="","",INDEX('Backing 4'!Z:Z,MATCH(V10,'Backing 4'!Y:Y,0))) -> #N/A | V10: =IF(O10="","",IF(D10="1 - Executive","",D10)) -> Junior Officer | W10: 1 | X10: =IF(E10="Y","",IF(Y10="Y",INDEX('Backing 2'!B:B,MATCH(D10,'Backing 2'!C:C,0)),D10)) -> Junior Officer | Y10: N | Z10: 0 | AA10: 20 to 29 | AB10: 26 | AC10: United States | AD10: Americas | AE10: Elsewhere | AF10: 43556 | AG10: 1 | AH10: =RAND() -> 0.90030771
A11: 10 | B11: Male | C11: 6 | D11: Junior Officer | E11: N | F11: 3 | G11: No | H11: Yes | I11: 0.5 | J11: No | K11: Y | L11: Internal Services | M11: 0 | N11: 6 | O11: Junior Officer | P11: Internal Services | Q11: Full Time | R11: Full Time | S11: =IF(T11="","",INDEX('Backing 4'!U:U,MATCH(T11,'Backing 4'!T:T,0))) -> #N/A | T11: =IF(O11="","",IF(D11="1 - Executive","",D11&" & "&P11)) -> Junior Officer & Internal Services | U11: =IF(V11="","",INDEX('Backing 4'!Z:Z,MATCH(V11,'Backing 4'!Y:Y,0))) -> #N/A | V11: =IF(O11="","",IF(D11="1 - Executive","",D11)) -> Junior Officer | W11: 2 | X11: =IF(E11="Y","",IF(Y11="Y",INDEX('Backing 2'!B:B,MATCH(D11,'Backing 2'!C:C,0)),D11)) -> Junior Officer | Y11: N | Z11: 3 | AA11: 20 to 29 | AB11: 24 | AC11: Switzerland | AD11: Switzerland | AE11: Switzerland | AF11: 43191 | AG11: 2 | AH11: =RAND() -> 0.86170496
A12: 11 | B12: Male | C12: 4 | D12: Manager | E12: N | F12: 3 | G12: No | H12: Yes | I12: 0.5 | J12: No | K12: Y | L12: Operations | M12: 0 | N12: 4 | O12: Manager | P12: Operations | Q12: Full Time | R12: Full Time | S12: =IF(T12="","",INDEX('Backing 4'!U:U,MATCH(T12,'Backing 4'!T:T,0))) -> #N/A | T12: =IF(O12="","",IF(D12="1 - Executive","",D12&" & "&P12)) -> Manager & Operations | U12: =IF(V12="","",INDEX('Backing 4'!Z:Z,MATCH(V12,'Backing 4'!Y:Y,0))) -> #N/A | V12: =IF(O12="","",IF(D12="1 - Executive","",D12)) -> Manager | W12: 2 | X12: =IF(E12="Y","",IF(Y12="Y",INDEX('Backing 2'!B:B,MATCH(D12,'Backing 2'!C:C,0)),D12)) -> Manager | Y12: N | Z12: 2 | AA12: 30 to 39 | AB12: 34 | AC12: Switzerland | AD12: Switzerland | AE12: Switzerland | AF12: 40634 | AG12: 9 | AH12: =RAND() -> 0.83521974
A13: 12 | B13: Female | C13: 6 | D13: Junior Officer | E13: N | F13: 2 | G13: Yes | H13: Yes | I13: 0.5 | J13: No | K13: Y | L13: Strategy | M13: 0 | N13: 5 | O13: Senior Officer | P13: Strategy | Q13: Full Time | R13: Full Time | S13: =IF(T13="","",INDEX('Backing 4'!U:U,MATCH(T13,'Backing 4'!T:T,0))) -> #N/A | T13: =IF(O13="","",IF(D13="1 - Executive","",D13&" & "&P13)) -> Junior Officer & Strategy | U13: =IF(V13="","",INDEX('Backing 4'!Z:Z,MATCH(V13,'Backing 4'!Y:Y,0))) -> #N/A | V13: =IF(O13="","",IF(D13="1 - Executive","",D13)) -> Junior Officer | W13: 3 | X13: =IF(E13="Y","",IF(Y13="Y",INDEX('Backing 2'!B:B,MATCH(D13,'Backing 2'!C:C,0)),D13)) -> Junior Officer | Y13: N | Z13: 3 | AA13: 30 to 39 | AB13: 34 | AC13: France | AD13: Europe | AE13: Europe | AF13: 42826 | AG13: 3 | AH13: =RAND() -> 0.94991732
A14: 13 | B14: Male | C14: 5 | D14: Senior Officer | E14: N | F14: 2 | G14: No | H14: Yes | I14: 0.5 | J14: No | K14: Y | L14: Operations | M14: 0 | N14: 5 | O14: Senior Officer | P14: Operations | Q14: Full Time | R14: Full Time | S14: =IF(T14="","",INDEX('Backing 4'!U:U,MATCH(T14,'Backing 4'!T:T,0))) -> #N/A | T14: =IF(O14="","",IF(D14="1 - Executive","",D14&" & "&P14)) -> Senior Officer & Operations | U14: =IF(V14="","",INDEX('Backing 4'!Z:Z,MATCH(V14,'Backing 4'!Y:Y,0))) -> #N/A | V14: =IF(O14="","",IF(D14="1 - Executive","",D14)) -> Senior Officer | W14: 3 | X14: =IF(E14="Y","",IF(Y14="Y",INDEX('Backing 2'!B:B,MATCH(D14,'Backing 2'!C:C,0)),D14)) -> Senior Officer | Y14: N | Z14: 3 | AA14: 20 to 29 | AB14: 29 | AC14: Germany | AD14: Europe | AE14: Europe | AF14: 42095 | AG14: 5 | AH14: =RAND() -> 0.76110033
A15: 14 | B15: Male | C15: 6 | D15: Junior Officer | E15: N | F15: 2 | G15: No | H15: Yes | I15: 0.5 | J15: No | K15: Y | L15: Operations | M15: 0 | N15: 6 | O15: Junior Officer | P15: Operations | Q15: Full Time | R15: Full Time | S15: =IF(T15="","",INDEX('Backing 4'!U:U,MATCH(T15,'Backing 4'!T:T,0))) -> #N/A | T15: =IF(O15="","",IF(D15="1 - Executive","",D15&" & "&P15)) -> Junior Officer & Operations | U15: =IF(V15="","",INDEX('Backing 4'!Z:Z,MATCH(V15,'Backing 4'!Y:Y,0))) -> #N/A | V15: =IF(O15="","",IF(D15="1 - Executive","",D15)) -> Junior Officer | W15: 3 | X15: =IF(E15="Y","",IF(Y15="Y",INDEX('Backing 2'!B:B,MATCH(D15,'Backing 2'!C:C,0)),D15)) -> Junior Officer | Y15: N | Z15: 2 | AA15: 20 to 29 | AB15: 20 | AC15: Switzerland | AD15: Switzerland | AE15: Switzerland | AF15: 42826 | AG15: 3 | AH15: =RAND() -> 0.79949266
A16: 15 | B16: Male | C16: 6 | D16: Junior Officer | E16: N | F16: 3 | G16: No | H16: No | I16: 0.5 | J16: Yes | K16: Y | L16: Internal Services | M16: FY20 | N16: 0 | O16: NOT AVAILABLE | P16: Internal Services | Q16: Full Time | R16: Full Time | S16: =IF(T16="","",INDEX('Backing 4'!U:U,MATCH(T16,'Backing 4'!T:T,0))) -> #N/A | T16: =IF(O16="","",IF(D16="1 - Executive","",D16&" & "&P16)) -> Junior Officer & Internal Services | U16: =IF(V16="","",INDEX('Backing 4'!Z:Z,MATCH(V16,'Backing 4'!Y:Y,0))) -> #N/A | V16: =IF(O16="","",IF(D16="1 - Executive","",D16)) -> Junior Officer | W16: 1 | X16: =IF(E16="Y","",IF(Y16="Y",INDEX('Backing 2'!B:B,MATCH(D16,'Backing 2'!C:C,0)),D16)) -> Junior Officer | Y16: N | Z16: 0 | AA16: 20 to 29 | AB16: 28 | AC16: France | AD16: Europe | AE16: Europe | AF16: 43556 | AG16: 1 | AH16: =RAND() -> 0.86687828
A17: 16 | B17: Male | C17: 4 | D17: Manager | E17: N | F17: 3 | G17: No | H17: Yes | I17: 0.5 | J17: No | K17: Y | L17: Strategy | M17: 0 | N17: 4 | O17: Manager | P17: Strategy | Q17: Full Time | R17: Full Time | S17: =IF(T17="","",INDEX('Backing 4'!U:U,MATCH(T17,'Backing 4'!T:T,0))) -> #N/A | T17: =IF(O17="","",IF(D17="1 - Executive","",D17&" & "&P17)) -> Manager & Strategy | U17: =IF(V17="","",INDEX('Backing 4'!Z:Z,MATCH(V17,'Backing 4'!Y:Y,0))) -> #N/A | V17: =IF(O17="","",IF(D17="1 - Executive","",D17)) -> Manager | W17: 3 | X17: =IF(E17="Y","",IF(Y17="Y",INDEX('Backing 2'!B:B,MATCH(D17,'Backing 2'!C:C,0)),D17)) -> Manager | Y17: N | Z17: 3 | AA17: 30 to 39 | AB17: 34 | AC17: Germany | AD17: Europe | AE17: Europe | AF17: 42095 | AG17: 5 | AH17: =RAND() -> 0.53698432
A18: 17 | B18: Male | C18: 6 | D18: Junior Officer | E18: N | F18: 3 | G18: No | H18: Yes | I18: 0.5 | J18: No | K18: Y | L18: Operations | M18: 0 | N18: 6 | O18: Junior Officer | P18: Operations | Q18: Full Time | R18: Full Time | S18: =IF(T18="","",INDEX('Backing 4'!U:U,MATCH(T18,'Backing 4'!T:T,0))) -> #N/A | T18: =IF(O18="","",IF(D18="1 - Executive","",D18&" & "&P18)) -> Junior Officer & Operations | U18: =IF(V18="","",INDEX('Backing 4'!Z:Z,MATCH(V18,'Backing 4'!Y:Y,0))) -> #N/A | V18: =IF(O18="","",IF(D18="1 - Executive","",D18)) -> Junior Officer | W18: 2 | X18: =IF(E18="Y","",IF(Y18="Y",INDEX('Backing 2'!B:B,MATCH(D18,'Backing 2'!C:C,0)),D18)) -> Junior Officer | Y18: N | Z18: 4 | AA18: 20 to 29 | AB18: 24 | AC18: Switzerland | AD18: Switzerland | AE18: Switzerland | AF18: 43191 | AG18: 2 | AH18: =RAND() -> 0.43319077
A19: 18 | B19: Female | C19: 6 | D19: Junior Officer | E19: N | F19: 2 | G19: Yes | H19: Yes | I19: 0.5 | J19: No | K19: Y | L19: Sales & Marketing | M19: 0 | N19: 5 | O19: Senior Officer | P19: Sales & Marketing | Q19: 0.8 | R19: Part Time | S19: =IF(T19="","",INDEX('Backing 4'!U:U,MATCH(T19,'Backing 4'!T:T,0))) -> #N/A | T19: =IF(O19="","",IF(D19="1 - Executive","",D19&" & "&P19)) -> Junior Officer & Sales & Marketing | U19: =IF(V19="","",INDEX('Backing 4'!Z:Z,MATCH(V19,'Backing 4'!Y:Y,0))) -> #N/A | V19: =IF(O19="","",IF(D19="1 - Executive","",D19)) -> Junior Officer | W19: 4 | X19: =IF(E19="Y","",IF(Y19="Y",INDEX('Backing 2'!B:B,MATCH(D19,'Backing 2'!C:C,0)),D19)) -> Junior Officer | Y19: N | Z19: 3 | AA19: 30 to 39 | AB19: 32 | AC19: Italy | AD19: Europe | AE19: Europe | AF19: 42461 | AG19: 4 | AH19: =RAND() -> 0.0089263429
A20: 19 | B20: Male | C20: 5 | D20: Senior Officer | E20: N | F20: 2 | G20: No | H20: Yes | I20: 0.5 | J20: No | K20: Y | L20: Sales & Marketing | M20: 0 | N20: 5 | O20: Senior Officer | P20: Sales & Marketing | Q20: Full Time | R20: Full Time | S20: =IF(T20="","",INDEX('Backing 4'!U:U,MATCH(T20,'Backing 4'!T:T,0))) -> #N/A | T20: =IF(O20="","",IF(D20="1 - Executive","",D20&" & "&P20)) -> Senior Officer & Sales & Marketing | U20: =IF(V20="","",INDEX('Backing 4'!Z:Z,MATCH(V20,'Backing 4'!Y:Y,0))) -> #N/A | V20: =IF(O20="","",IF(D20="1 - Executive","",D20)) -> Senior Officer | W20: 3 | X20: =IF(E20="Y","",IF(Y20="Y",INDEX('Backing 2'!B:B,MATCH(D20,'Backing 2'!C:C,0)),D20)) -> Senior Officer | Y20: N | Z20: 0 | AA20: 30 to 39 | AB20: 30 | AC20: Switzerland | AD20: Switzerland | AE20: Switzerland | AF20: 42826 | AG20: 3 | AH20: =RAND() -> 0.27118231
A21: 20 | B21: Female | C21: 5 | D21: Senior Officer | E21: N | F21: 2 | G21: No | H21: Yes | I21: 0.5 | J21: No | K21: Y | L21: Operations | M21: 0 | N21: 5 | O21: Senior Officer | P21: Operations | Q21: Full Time | R21: Full Time | S21: =IF(T21="","",INDEX('Backing 4'!U:U,MATCH(T21,'Backing 4'!T:T,0))) -> #N/A | T21: =IF(O21="","",IF(D21="1 - Executive","",D21&" & "&P21)) -> Senior Officer & Operations | U21: =IF(V21="","",INDEX('Backing 4'!Z:Z,MATCH(V21,'Backing 4'!Y:Y,0))) -> #N/A | V21: =IF(O21="","",IF(D21="1 - Executive","",D21)) -> Senior Officer | W21: 1 | X21: =IF(E21="Y","",IF(Y21="Y",INDEX('Backing 2'!B:B,MATCH(D21,'Backing 2'!C:C,0)),D21)) -> #N/A | Y21: Y | Z21: 1 | AA21: 30 to 39 | AB21: 32 | AC21: Germany | AD21: Europe | AE21: Europe | AF21: 41000 | AG21: 8 | AH21: =RAND() -> 0.97675532
A22: 21 | B22: Male | C22: 3 | D22: Senior Manager | E22: N | F22: 3 | G22: No | H22: No | I22: 0.5 | J22: Yes | K22: Y | L22: Strategy | M22: FY20 | N22: 0 | O22: NOT AVAILABLE | P22: Strategy | Q22: Full Time | R22: Full Time | S22: =IF(T22="","",INDEX('Backing 4'!U:U,MATCH(T22,'Backing 4'!T:T,0))) -> #N/A | T22: =IF(O22="","",IF(D22="1 - Executive","",D22&" & "&P22)) -> Senior Manager & Strategy | U22: =IF(V22="","",INDEX('Backing 4'!Z:Z,MATCH(V22,'Backing 4'!Y:Y,0))) -> #N/A | V22: =IF(O22="","",IF(D22="1 - Executive","",D22)) -> Senior Manager | W22: 7 | X22: =IF(E22="Y","",IF(Y22="Y",INDEX('Backing 2'!B:B,MATCH(D22,'Backing 2'!C:C,0)),D22)) -> Senior Manager | Y22: N | Z22: 3 | AA22: 30 to 39 | AB22: 31 | AC22: Switzerland | AD22: Switzerland | AE22: Switzerland | AF22: 41365 | AG22: 7 | AH22: =RAND() -> 0.76280176
A23: 22 | B23: Male | C23: 6 | D23: Junior Officer | E23: N | F23: 3 | G23: No | H23: No | I23: 0.5 | J23: Yes | K23: Y | L23: Sales & Marketing | M23: FY20 | N23: 0 | O23: NOT AVAILABLE | P23: Sales & Marketing | Q23: Full Time | R23: Full Time | S23: =IF(T23="","",INDEX('Backing 4'!U:U,MATCH(T23,'Backing 4'!T:T,0))) -> #N/A | T23: =IF(O23="","",IF(D23="1 - Executive","",D23&" & "&P23)) -> Junior Officer & Sales & Marketing | U23: =IF(V23="","",INDEX('Backing 4'!Z:Z,MATCH(V23,'Backing 4'!Y:Y,0))) -> #N/A | V23: =IF(O23="","",IF(D23="1 - Executive","",D23)) -> Junior Officer | W23: 3 | X23: =IF(E23="Y","",IF(Y23="Y",INDEX('Backing 2'!B:B,MATCH(D23,'Backing 2'!C:C,0)),D23)) -> Junior Officer | Y23: N | Z23: 3 | AA23: 20 to 29 | AB23: 26 | AC23: Switzerland | AD23: Switzerland | AE23: Switzerland | AF23: 42826 | AG23: 3 | AH23: =RAND() -> 0.8248517
A24: 23 | B24: Male | C24: 2 | D24: Director | E24: N | F24: 3 | G24: No | H24: Yes | I24: 0.5 | J24: No | K24: Y | L24: Internal Services | M24: 0 | N24: 2 | O24: Director | P24: Internal Services | Q24: Full Time | R24: Full Time | S24: =IF(T24="","",INDEX('Backing 4'!U:U,MATCH(T24,'Backing 4'!T:T,0))) -> #N/A | T24: =IF(O24="","",IF(D24="1 - Executive","",D24&" & "&P24)) -> Director & Internal Services | U24: Uneven - Men benefit | V24: =IF(O24="","",IF(D24="1 - Executive","",D24)) -> Director | W24: 5 | X24: =IF(E24="Y","",IF(Y24="Y",INDEX('Backing 2'!B:B,MATCH(D24,'Backing 2'!C:C,0)),D24)) -> Director | Y24: N | Z24: 0 | AA24: 40 to 49 | AB24: 44 | AC24: Switzerland | AD24: Switzerland | AE24: Switzerland | AF24: 42095 | AG24: 5 | AH24: =RAND() -> 0.98261432
A25: 24 | B25: Male | C25: 5 | D25: Senior Officer | E25: N | F25: 4 | G25: No | H25: Yes | I25: 0.5 | J25: No | K25: Y | L25: Sales & Marketing | M25: 0 | N25: 5 | O25: Senior Officer | P25: Sales & Marketing | Q25: Full Time | R25: Full Time | S25: =IF(T25="","",INDEX('Backing 4'!U:U,MATCH(T25,'Backing 4'!T:T,0))) -> #N/A | T25: =IF(O25="","",IF(D25="1 - Executive","",D25&" & "&P25)) -> Senior Officer & Sales & Marketing | U25: =IF(V25="","",INDEX('Backing 4'!Z:Z,MATCH(V25,'Backing 4'!Y:Y,0))) -> #N/A | V25: =IF(O25="","",IF(D25="1 - Executive","",D25)) -> Senior Officer | W25: 3 | X25: =IF(E25="Y","",IF(Y25="Y",INDEX('Backing 2'!B:B,MATCH(D25,'Backing 2'!C:C,0)),D25)) -> Senior Officer | Y25: N | Z25: 3 | AA25: 20 to 29 | AB25: 26 | AC25: United Kingdom | AD25: Europe | AE25: Europe | AF25: 41730 | AG25: 6 | AH25: =RAND() -> 0.27614627
A26: 25 | B26: Male | C26: 4 | D26: Manager | E26: N | F26: 2 | G26: No | H26: Yes | I26: 0.5 | J26: No | K26: Y | L26: Operations | M26: 0 | N26: 4 | O26: Manager | P26: Operations | Q26: Full Time | R26: Full Time | S26: =IF(T26="","",INDEX('Backing 4'!U:U,MATCH(T26,'Backing 4'!T:T,0))) -> #N/A | T26: =IF(O26="","",IF(D26="1 - Executive","",D26&" & "&P26)) -> Manager & Operations | U26: =IF(V26="","",INDEX('Backing 4'!Z:Z,MATCH(V26,'Backing 4'!Y:Y,0))) -> #N/A | V26: =IF(O26="","",IF(D26="1 - Executive","",D26)) -> Manager | W26: 3 | X26: =IF(E26="Y","",IF(Y26="Y",INDEX('Backing 2'!B:B,MATCH(D26,'Backing 2'!C:C,0)),D26)) -> Manager | Y26: N | Z26: 3 | AA26: 30 to 39 | AB26: 36 | AC26: France | AD26: Europe | AE26: Europe | AF26: 41730 | AG26: 6 | AH26: =RAND() -> 0.63869654
A27: 26 | B27: Male | C27: 6 | D27: Junior Officer | E27: N | F27: 2 | G27: No | H27: Yes | I27: 0.5 | J27: No | K27: Y | L27: Internal Services | M27: 0 | N27: 6 | O27: Junior Officer | P27: Internal Services | Q27: Full Time | R27: Full Time | S27: =IF(T27="","",INDEX('Backing 4'!U:U,MATCH(T27,'Backing 4'!T:T,0))) -> #N/A | T27: =IF(O27="","",IF(D27="1 - Executive","",D27&" & "&P27)) -> Junior Officer & Internal Services | U27: =IF(V27="","",INDEX('Backing 4'!Z:Z,MATCH(V27,'Backing 4'!Y:Y,0))) -> #N/A | V27: =IF(O27="","",IF(D27="1 - Executive","",D27)) -> Junior Officer | W27: 2 | X27: =IF(E27="Y","",IF(Y27="Y",INDEX('Backing 2'!B:B,MATCH(D27,'Backing 2'!C:C,0)),D27)) -> Junior Officer | Y27: N | Z27: 3 | AA27: 20 to 29 | AB27: 22 | AC27: Switzerland | AD27: Switzerland | AE27: Switzerland | AF27: 43191 | AG27: 2 | AH27: =RAND() -> 0.32928829
A28: 27 | B28: Female | C28: 5 | D28: Senior Officer | E28: N | F28: 3 | G28: No | H28: Yes | I28: 0.5 | J28: No | K28: Y | L28: Internal Services | M28: 0 | N28: 5 | O28: Senior Officer | P28: Internal Services | Q28: Full Time | R28: Full Time | S28: =IF(T28="","",INDEX('Backing 4'!U:U,MATCH(T28,'Backing 4'!T:T,0))) -> #N/A | T28: =IF(O28="","",IF(D28="1 - Executive","",D28&" & "&P28)) -> Senior Officer & Internal Services | U28: =IF(V28="","",INDEX('Backing 4'!Z:Z,MATCH(V28,'Backing 4'!Y:Y,0))) -> #N/A | V28: =IF(O28="","",IF(D28="1 - Executive","",D28)) -> Senior Officer | W28: 3 | X28: =IF(E28="Y","",IF(Y28="Y",INDEX('Backing 2'!B:B,MATCH(D28,'Backing 2'!C:C,0)),D28)) -> Senior Officer | Y28: N | Z28: 2 | AA28: 30 to 39 | AB28: 33 | AC28: Switzerland | AD28: Switzerland | AE28: Switzerland | AF28: 42461 | AG28: 4 | AH28: =RAND() -> 0.86209395
A29: 28 | B29: Male | C29: 5 | D29: Senior Officer | E29: N | F29: 4 | G29: No | H29: Yes | I29: 0.5 | J29: No | K29: Y | L29: Sales & Marketing | M29: 0 | N29: 5 | O29: Senior Officer | P29: Sales & Marketing | Q29: Full Time | R29: Full Time | S29: =IF(T29="","",INDEX('Backing 4'!U:U,MATCH(T29,'Backing 4'!T:T,0))) -> #N/A | T29: =IF(O29="","",IF(D29="1 - Executive","",D29&" & "&P29)) -> Senior Officer & Sales & Marketing | U29: =IF(V29="","",INDEX('Backing 4'!Z:Z,MATCH(V29,'Backing 4'!Y:Y,0))) -> #N/A | V29: =IF(O29="","",IF(D29="1 - Executive","",D29)) -> Senior Officer | W29: 2 | X29: =IF(E29="Y","",IF(Y29="Y",INDEX('Backing 2'!B:B,MATCH(D29,'Backing 2'!C:C,0)),D29)) -> Senior Officer | Y29: N | Z29: 2 | AA29: 20 to 29 | AB29: 27 | AC29: Italy | AD29: Europe | AE29: Europe | AF29: 42461 | AG29: 4 | AH29: =RAND() -> 0.79175936
A30: 29 | B30: Female | C30: 5 | D30: Senior Officer | E30: N | F30: 2 | G30: No | H30: Yes | I30: 0.5 | J30: No | K30: Y | L30: Finance | M30: 0 | N30: 5 | O30: Senior Officer | P30: Finance | Q30: Full Time | R30: Full Time | S30: =IF(T30="","",INDEX('Backing 4'!U:U,MATCH(T30,'Backing 4'!T:T,0))) -> #N/A | T30: =IF(O30="","",IF(D30="1 - Executive","",D30&" & "&P30)) -> Senior Officer & Finance | U30: =IF(V30="","",INDEX('Backing 4'!Z:Z,MATCH(V30,'Backing 4'!Y:Y,0))) -> #N/A | V30: =IF(O30="","",IF(D30="1 - Executive","",D30)) -> Senior Officer | W30: 2 | X30: =IF(E30="Y","",IF(Y30="Y",INDEX('Backing 2'!B:B,MATCH(D30,'Backing 2'!C:C,0)),D30)) -> Senior Officer | Y30: N | Z30: 3 | AA30: 30 to 39 | AB30: 32 | AC30: Italy | AD30: Europe | AE30: Europe | AF30: 42461 | AG30: 4 | AH30: =RAND() -> 0.96334358
A31: 30 | B31: Male | C31: 6 | D31: Junior Officer | E31: N | F31: 2 | G31: No | H31: Yes | I31: 0.5 | J31: No | K31: Y | L31: Operations | M31: 0 | N31: 6 | O31: Junior Officer | P31: Operations | Q31: Full Time | R31: Full Time | S31: =IF(T31="","",INDEX('Backing 4'!U:U,MATCH(T31,'Backing 4'!T:T,0))) -> #N/A | T31: =IF(O31="","",IF(D31="1 - Executive","",D31&" & "&P31)) -> Junior Officer & Operations | U31: =IF(V31="","",INDEX('Backing 4'!Z:Z,MATCH(V31,'Backing 4'!Y:Y,0))) -> #N/A | V31: =IF(O31="","",IF(D31="1 - Executive","",D31)) -> Junior Officer | W31: 1 | X31: =IF(E31="Y","",IF(Y31="Y",INDEX('Backing 2'!B:B,MATCH(D31,'Backing 2'!C:C,0)),D31)) -> Junior Officer | Y31: N | Z31: 0 | AA31: 20 to 29 | AB31: 25 | AC31: Switzerland | AD31: Switzerland | AE31: Switzerland | AF31: 43556 | AG31: 1 | AH31: =RAND() -> 0.10863048
A32: 31 | B32: Female | C32: 6 | D32: Junior Officer | E32: N | F32: 2 | G32: Yes | H32: Yes | I32: 0.5 | J32: No | K32: Y | L32: Operations | M32: 0 | N32: 5 | O32: Senior Officer | P32: Operations | Q32: Full Time | R32: Full Time | S32: =IF(T32="","",INDEX('Backing 4'!U:U,MATCH(T32,'Backing 4'!T:T,0))) -> #N/A | T32: =IF(O32="","",IF(D32="1 - Executive","",D32&" & "&P32)) -> Junior Officer & Operations | U32: =IF(V32="","",INDEX('Backing 4'!Z:Z,MATCH(V32,'Backing 4'!Y:Y,0))) -> #N/A | V32: =IF(O32="","",IF(D32="1 - Executive","",D32)) -> Junior Officer | W32: 3 | X32: =IF(E32="Y","",IF(Y32="Y",INDEX('Backing 2'!B:B,MATCH(D32,'Backing 2'!C:C,0)),D32)) -> Junior Officer | Y32: N | Z32: 2 | AA32: 30 to 39 | AB32: 33 | AC32: Switzerland | AD32: Switzerland | AE32: Switzerland | AF32: 42826 | AG32: 3 | AH32: =RAND() -> 0.57117019
A33: 32 | B33: Male | C33: 4 | D33: Manager | E33: N | F33: 1 | G33: Yes | H33: Yes | I33: 0.5 | J33: No | K33: Y | L33: Sales & Marketing | M33: 0 | N33: 3 | O33: Senior Manager | P33: Sales & Marketing | Q33: Full Time | R33: Full Time | S33: =IF(T33="","",INDEX('Backing 4'!U:U,MATCH(T33,'Backing 4'!T:T,0))) -> #N/A | T33: =IF(O33="","",IF(D33="1 - Executive","",D33&" & "&P33)) -> Manager & Sales & Marketing | U33: =IF(V33="","",INDEX('Backing 4'!Z:Z,MATCH(V33,'Backing 4'!Y:Y,0))) -> #N/A | V33: =IF(O33="","",IF(D33="1 - Executive","",D33)) -> Manager | W33: 2 | X33: =IF(E33="Y","",IF(Y33="Y",INDEX('Backing 2'!B:B,MATCH(D33,'Backing 2'!C:C,0)),D33)) -> Manager | Y33: N | Z33: 2 | AA33: 30 to 39 | AB33: 30 | AC33: Switzerland | AD33: Switzerland | AE33: Switzerland | AF33: 41000 | AG33: 8 | AH33: =RAND() -> 0.99664617
A34: 33 | B34: Male | C34: 4 | D34: Manager | E34: N | F34: 2 | G34: No | H34: Yes | I34: 0.5 | J34: No | K34: Y | L34: Sales & Marketing | M34: 0 | N34: 4 | O34: Manager | P34: Sales & Marketing | Q34: Full Time | R34: Full Time | S34: =IF(T34="","",INDEX('Backing 4'!U:U,MATCH(T34,'Backing 4'!T:T,0))) -> #N/A | T34: =IF(O34="","",IF(D34="1 - Executive","",D34&" & "&P34)) -> Manager & Sales & Marketing | U34: =IF(V34="","",INDEX('Backing 4'!Z:Z,MATCH(V34,'Backing 4'!Y:Y,0))) -> #N/A | V34: =IF(O34="","",IF(D34="1 - Executive","",D34)) -> Manager | W34: 1 | X34: =IF(E34="Y","",IF(Y34="Y",INDEX('Backing 2'!B:B,MATCH(D34,'Backing 2'!C:C,0)),D34)) -> #N/A | Y34: Y | Z34: 1 | AA34: 30 to 39 | AB34: 33 | AC34: Germany | AD34: Europe | AE34: Europe | AF34: 41730 | AG34: 6 | AH34: =RAND() -> 0.8178633
A35: 34 | B35: Female | C35: 5 | D35: Senior Officer | E35: N | F35: 1 | G35: Yes | H35: Yes | I35: 0.5 | J35: No | K35: Y | L35: Internal Services | M35: 0 | N35: 4 | O35: Manager | P35: Internal Services | Q35: Full Time | R35: Full Time | S35: =IF(T35="","",INDEX('Backing 4'!U:U,MATCH(T35,'Backing 4'!T:T,0))) -> #N/A | T35: =IF(O35="","",IF(D35="1 - Executive","",D35&" & "&P35)) -> Senior Officer & Internal Services | U35: =IF(V35="","",INDEX('Backing 4'!Z:Z,MATCH(V35,'Backing 4'!Y:Y,0))) -> #N/A | V35: =IF(O35="","",IF(D35="1 - Executive","",D35)) -> Senior Officer | W35: 5 | X35: =IF(E35="Y","",IF(Y35="Y",INDEX('Backing 2'!B:B,MATCH(D35,'Backing 2'!C:C,0)),D35)) -> Senior Officer | Y35: N | Z35: 2 | AA35: 30 to 39 | AB35: 37 | AC35: Switzerland | AD35: Switzerland | AE35: Switzerland | AF35: 41730 | AG35: 6 | AH35: =RAND() -> 0.39186237
A36: 35 | B36: Male | C36: 5 | D36: Senior Officer | E36: N | F36: 3 | G36: No | H36: Yes | I36: 0.5 | J36: No | K36: Y | L36: Internal Services | M36: 0 | N36: 5 | O36: Senior Officer | P36: Internal Services | Q36: Full Time | R36: Full Time | S36: =IF(T36="","",INDEX('Backing 4'!U:U,MATCH(T36,'Backing 4'!T:T,0))) -> #N/A | T36: =IF(O36="","",IF(D36="1 - Executive","",D36&" & "&P36)) -> Senior Officer & Internal Services | U36: =IF(V36="","",INDEX('Backing 4'!Z:Z,MATCH(V36,'Backing 4'!Y:Y,0))) -> #N/A | V36: =IF(O36="","",IF(D36="1 - Executive","",D36)) -> Senior Officer | W36: 3 | X36: =IF(E36="Y","",IF(Y36="Y",INDEX('Backing 2'!B:B,MATCH(D36,'Backing 2'!C:C,0)),D36)) -> Senior Officer | Y36: N | Z36: 0 | AA36: 20 to 29 | AB36: 27 | AC36: Switzerland | AD36: Switzerland | AE36: Switzerland | AF36: 42826 | AG36: 3 | AH36: =RAND() -> 0.63646305
... A45: 44 | B45: Female | C45: 6 | D45: Junior Officer | E45: N | F45: 2 | G45: No | H45: Yes | I45: 0.5 | J45: No | K45: Y | L45: Sales & Marketing | M45: 0 | N45: 6 | O45: Junior Officer | P45: Sales & Marketing | Q45: Full Time | R45: Full Time | S45: =IF(T45="","",INDEX('Backing 4'!U:U,MATCH(T45,'Backing 4'!T:T,0))) -> #N/A | T45: =IF(O45="","",IF(D45="1 - Executive","",D45&" & "&P45)) -> Junior Officer & Sales & Marketing | U45: =IF(V45="","",INDEX('Backing 4'!Z:Z,MATCH(V45,'Backing 4'!Y:Y,0))) -> #N/A | V45: =IF(O45="","",IF(D45="1 - Executive","",D45)) -> Junior Officer | W45: 2 | X45: =IF(E45="Y","",IF(Y45="Y",INDEX('Backing 2'!B:B,MATCH(D45,'Backing 2'!C:C,0)),D45)) -> Junior Officer | Y45: N | Z45: 2 | AA45: 20 to 29 | AB45: 23 | AC45: Italy | AD45: Europe | AE45: Europe | AF45: 43191 | AG45: 2 | AH45: =RAND() -> 0.29495879
A46: 45 | B46: Male | C46: 2 | D46: Director | E46: N | F46: 2 | G46: No | H46: No | I46: 0.5 | J46: Yes | K46: Y | L46: Internal Services | M46: FY20 | N46: 0 | O46: NOT AVAILABLE | P46: Internal Services | Q46: Full Time | R46: Full Time | S46: =IF(T46="","",INDEX('Backing 4'!U:U,MATCH(T46,'Backing 4'!T:T,0))) -> #N/A | T46: =IF(O46="","",IF(D46="1 - Executive","",D46&" & "&P46)) -> Director & Internal Services | U46: =IF(V46="","",INDEX('Backing 4'!Z:Z,MATCH(V46,'Backing 4'!Y:Y,0))) -> #N/A | V46: =IF(O46="","",IF(D46="1 - Executive","",D46)) -> Director | W46: 3 | X46: =IF(E46="Y","",IF(Y46="Y",INDEX('Backing 2'!B:B,MATCH(D46,'Backing 2'!C:C,0)),D46)) -> Director | Y46: N | Z46: 3 | AA46: 50 to 59 | AB46: 54 | AC46: Switzerland | AD46: Switzerland | AE46: Switzerland | AF46: 40634 | AG46: 9 | AH46: =RAND() -> 0.73520817
A47: 46 | B47: Male | C47: 6 | D47: Junior Officer | E47: N | F47: 2 | G47: No | H47: Yes | I47: 0.5 | J47: No | K47: Y | L47: Internal Services | M47: 0 | N47: 6 | O47: Junior Officer | P47: Internal Services | Q47: Full Time | R47: Full Time | S47: =IF(T47="","",INDEX('Backing 4'!U:U,MATCH(T47,'Backing 4'!T:T,0))) -> #N/A | T47: =IF(O47="","",IF(D47="1 - Executive","",D47&" & "&P47)) -> Junior Officer & Internal Services | U47: =IF(V47="","",INDEX('Backing 4'!Z:Z,MATCH(V47,'Backing 4'!Y:Y,0))) -> #N/A | V47: =IF(O47="","",IF(D47="1 - Executive","",D47)) -> Junior Officer | W47: 3 | X47: =IF(E47="Y","",IF(Y47="Y",INDEX('Backing 2'!B:B,MATCH(D47,'Backing 2'!C:C,0)),D47)) -> Junior Officer | Y47: N | Z47: 3 | AA47: 20 to 29 | AB47: 26 | AC47: France | AD47: Europe | AE47: Europe | AF47: 42826 | AG47: 3 | AH47: =RAND() -> 0.3768689
A48: 47 | B48: Female | C48: 4 | D48: Manager | E48: N | F48: 2 | G48: No | H48: Yes | I48: 0.5 | J48: No | K48: Y | L48: HR | M48: 0 | N48: 4 | O48: Manager | P48: HR | Q48: Full Time | R48: Full Time | S48: =IF(T48="","",INDEX('Backing 4'!U:U,MATCH(T48,'Backing 4'!T:T,0))) -> #N/A | T48: =IF(O48="","",IF(D48="1 - Executive","",D48&" & "&P48)) -> Manager & HR | U48: =IF(V48="","",INDEX('Backing 4'!Z:Z,MATCH(V48,'Backing 4'!Y:Y,0))) -> #N/A | V48: =IF(O48="","",IF(D48="1 - Executive","",D48)) -> Manager | W48: 2 | X48: =IF(E48="Y","",IF(Y48="Y",INDEX('Backing 2'!B:B,MATCH(D48,'Backing 2'!C:C,0)),D48)) -> Manager | Y48: N | Z48: 3 | AA48: 30 to 39 | AB48: 36 | AC48: Austria | AD48: Europe | AE48: Europe | AF48: 42461 | AG48: 4 | AH48: =RAND() -> 0.038337846
A49: 48 | B49: Female | C49: 6 | D49: Junior Officer | E49: N | F49: 3 | G49: No | H49: Yes | I49: 0.5 | J49: No | K49: Y | L49: Operations | M49: 0 | N49: 6 | O49: Junior Officer | P49: Operations | Q49: Full Time | R49: Full Time | S49: =IF(T49="","",INDEX('Backing 4'!U:U,MATCH(T49,'Backing 4'!T:T,0))) -> #N/A | T49: =IF(O49="","",IF(D49="1 - Executive","",D49&" & "&P49)) -> Junior Officer & Operations | U49: =IF(V49="","",INDEX('Backing 4'!Z:Z,MATCH(V49,'Backing 4'!Y:Y,0))) -> #N/A | V49: =IF(O49="","",IF(D49="1 - Executive","",D49)) -> Junior Officer | W49: 3 | X49: =IF(E49="Y","",IF(Y49="Y",INDEX('Backing 2'!B:B,MATCH(D49,'Backing 2'!C:C,0)),D49)) -> Junior Officer | Y49: N | Z49: 3 | AA49: 20 to 29 | AB49: 22 | AC49: France | AD49: Europe | AE49: Europe | AF49: 42826 | AG49: 3 | AH49: =RAND() -> 0.91490129
A50: 49 | B50: Female | C50: 6 | D50: Junior Officer | E50: N | F50: 2 | G50: No | H50: Yes | I50: 0.5 | J50: No | K50: Y | L50: HR | M50: 0 | N50: 6 | O50: Junior Officer | P50: HR | Q50: Full Time | R50: Full Time | S50: =IF(T50="","",INDEX('Backing 4'!U:U,MATCH(T50,'Backing 4'!T:T,0))) -> #N/A | T50: =IF(O50="","",IF(D50="1 - Executive","",D50&" & "&P50)) -> Junior Officer & HR | U50: =IF(V50="","",INDEX('Backing 4'!Z:Z,MATCH(V50,'Backing 4'!Y:Y,0))) -> #N/A | V50: =IF(O50="","",IF(D50="1 - Executive","",D50)) -> Junior Officer | W50: 2 | X50: =IF(E50="Y","",IF(Y50="Y",INDEX('Backing 2'!B:B,MATCH(D50,'Backing 2'!C:C,0)),D50)) -> Junior Officer | Y50: N | Z50: 2 | AA50: 30 to 39 | AB50: 31 | AC50: Switzerland | AD50: Switzerland | AE50: Switzerland | AF50: 43191 | AG50: 2 | AH50: =RAND() -> 0.4828217
A51: 50 | B51: Female | C51: 6 | D51: Junior Officer | E51: N | F51: 3 | G51: No | H51: Yes | I51: 0.5 | J51: No | K51: Y | L51: Operations | M51: 0 | N51: 6 | O51: Junior Officer | P51: Operations | Q51: Full Time | R51: Full Time | S51: =IF(T51="","",INDEX('Backing 4'!U:U,MATCH(T51,'Backing 4'!T:T,0))) -> #N/A | T51: =IF(O51="","",IF(D51="1 - Executive","",D51&" & "&P51)) -> Junior Officer & Operations | U51: =IF(V51="","",INDEX('Backing 4'!Z:Z,MATCH(V51,'Backing 4'!Y:Y,0))) -> #N/A | V51: =IF(O51="","",IF(D51="1 - Executive","",D51)) -> Junior Officer | W51: 2 | X51: =IF(E51="Y","",IF(Y51="Y",INDEX('Backing 2'!B:B,MATCH(D51,'Backing 2'!C:C,0)),D51)) -> Junior Officer | Y51: N | Z51: 3 | AA51: 20 to 29 | AB51: 22 | AC51: Austria | AD51: Europe | AE51: Europe | AF51: 43191 | AG51: 2 | AH51: =RAND() -> 0.41300275
A52: 51 | B52: Male | C52: 5 | D52: Senior Officer | E52: N | F52: 2 | G52: Yes | H52: Yes | I52: 0.5 | J52: No | K52: Y | L52: Operations | M52: 0 | N52: 4 | O52: Manager | P52: Operations | Q52: Full Time | R52: Full Time | S52: =IF(T52="","",INDEX('Backing 4'!U:U,MATCH(T52,'Backing 4'!T:T,0))) -> #N/A | T52: =IF(O52="","",IF(D52="1 - Executive","",D52&" & "&P52)) -> Senior Officer & Operations | U52: =IF(V52="","",INDEX('Backing 4'!Z:Z,MATCH(V52,'Backing 4'!Y:Y,0))) -> #N/A | V52: =IF(O52="","",IF(D52="1 - Executive","",D52)) -> Senior Officer | W52: 6 | X52: =IF(E52="Y","",IF(Y52="Y",INDEX('Backing 2'!B:B,MATCH(D52,'Backing 2'!C:C,0)),D52)) -> Senior Officer | Y52: N | Z52: 3 | AA52: 30 to 39 | AB52: 31 | AC52: Switzerland | AD52: Switzerland | AE52: Switzerland | AF52: 41000 | AG52: 8 | AH52: =RAND() -> 0.96536199
A53: 52 | B53: Male | C53: 4 | D53: Manager | E53: N | F53: 2 | G53: No | H53: Yes | I53: 0.5 | J53: No | K53: Y | L53: Sales & Marketing | M53: 0 | N53: 4 | O53: Manager | P53: Sales & Marketing | Q53: Full Time | R53: Full Time | S53: =IF(T53="","",INDEX('Backing 4'!U:U,MATCH(T53,'Backing 4'!T:T,0))) -> #N/A | T53: =IF(O53="","",IF(D53="1 - Executive","",D53&" & "&P53)) -> Manager & Sales & Marketing | U53: =IF(V53="","",INDEX('Backing 4'!Z:Z,MATCH(V53,'Backing 4'!Y:Y,0))) -> #N/A | V53: =IF(O53="","",IF(D53="1 - Executive","",D53)) -> Manager | W53: 2 | X53: =IF(E53="Y","",IF(Y53="Y",INDEX('Backing 2'!B:B,MATCH(D53,'Backing 2'!C:C,0)),D53)) -> Manager | Y53: N | Z53: 3 | AA53: 30 to 39 | AB53: 32 | AC53: France | AD53: Europe | AE53: Europe | AF53: 41000 | AG53: 8 | AH53: =RAND() -> 0.90076142
A54: 53 | B54: Male | C54: 5 | D54: Senior Officer | E54: N | F54: 2 | G54: No | H54: Yes | I54: 0.5 | J54: No | K54: Y | L54: Sales & Marketing | M54: 0 | N54: 5 | O54: Senior Officer | P54: Sales & Marketing | Q54: Full Time | R54: Full Time | S54: =IF(T54="","",INDEX('Backing 4'!U:U,MATCH(T54,'Backing 4'!T:T,0))) -> #N/A | T54: =IF(O54="","",IF(D54="1 - Executive","",D54&" & "&P54)) -> Senior Officer & Sales & Marketing | U54: =IF(V54="","",INDEX('Backing 4'!Z:Z,MATCH(V54,'Backing 4'!Y:Y,0))) -> #N/A | V54: =IF(O54="","",IF(D54="1 - Executive","",D54)) -> Senior Officer | W54: 3 | X54: =IF(E54="Y","",IF(Y54="Y",INDEX('Backing 2'!B:B,MATCH(D54,'Backing 2'!C:C,0)),D54)) -> Senior Officer | Y54: N | Z54: 2 | AA54: 30 to 39 | AB54: 30 | AC54: Switzerland | AD54: Switzerland | AE54: Switzerland | AF54: 41000 | AG54: 8 | AH54: =RAND() -> 0.58241604
A55: 54 | B55: Male | C55: 5 | D55: Senior Officer | E55: N | F55: 2 | G55: Yes | H55: Yes | I55: 0.5 | J55: No | K55: Y | L55: Operations | M55: 0 | N55: 4 | O55: Manager | P55: Operations | Q55: Full Time | R55: Full Time | S55: =IF(T55="","",INDEX('Backing 4'!U:U,MATCH(T55,'Backing 4'!T:T,0))) -> #N/A | T55: =IF(O55="","",IF(D55="1 - Executive","",D55&" & "&P55)) -> Senior Officer & Operations | U55: =IF(V55="","",INDEX('Backing 4'!Z:Z,MATCH(V55,'Backing 4'!Y:Y,0))) -> #N/A | V55: =IF(O55="","",IF(D55="1 - Executive","",D55)) -> Senior Officer | W55: 7 | X55: =IF(E55="Y","",IF(Y55="Y",INDEX('Backing 2'!B:B,MATCH(D55,'Backing 2'!C:C,0)),D55)) -> Senior Officer | Y55: N | Z55: 3 | AA55: 30 to 39 | AB55: 33 | AC55: Switzerland | AD55: Switzerland | AE55: Switzerland | AF55: 41000 | AG55: 8 | AH55: =RAND() -> 0.62134218
A56: 55 | B56: Female | C56: 6 | D56: Junior Officer | E56: N | F56: 2 | G56: No | H56: Yes | I56: 0.5 | J56: No | K56: Y | L56: Sales & Marketing | M56: 0 | N56: 6 | O56: Junior Officer | P56: Sales & Marketing | Q56: Full Time | R56: Full Time | S56: =IF(T56="","",INDEX('Backing 4'!U:U,MATCH(T56,'Backing 4'!T:T,0))) -> #N/A | T56: =IF(O56="","",IF(D56="1 - Executive","",D56&" & "&P56)) -> Junior Officer & Sales & Marketing | U56: =IF(V56="","",INDEX('Backing 4'!Z:Z,MATCH(V56,'Backing 4'!Y:Y,0))) -> #N/A | V56: =IF(O56="","",IF(D56="1 - Executive","",D56)) -> Junior Officer | W56: 3 | X56: =IF(E56="Y","",IF(Y56="Y",INDEX('Backing 2'!B:B,MATCH(D56,'Backing 2'!C:C,0)),D56)) -> Junior Officer | Y56: N | Z56: 3 | AA56: 20 to 29 | AB56: 25 | AC56: Switzerland | AD56: Switzerland | AE56: Switzerland | AF56: 42826 | AG56: 3 | AH56: =RAND() -> 0.51000489
A57: 56 | B57: Male | C57: 6 | D57: Junior Officer | E57: Y | F57: 0 | G57: No | H57: No | I57: 0.5 | J57: No | K57: N | L57: Sales & Marketing | M57: 0 | N57: 6 | O57: Junior Officer | P57: Sales & Marketing | Q57: Full Time | R57: Full Time | S57: =IF(T57="","",INDEX('Backing 4'!U:U,MATCH(T57,'Backing 4'!T:T,0))) -> #N/A | T57: =IF(O57="","",IF(D57="1 - Executive","",D57&" & "&P57)) -> Junior Officer & Sales & Marketing | U57: =IF(V57="","",INDEX('Backing 4'!Z:Z,MATCH(V57,'Backing 4'!Y:Y,0))) -> #N/A | V57: =IF(O57="","",IF(D57="1 - Executive","",D57)) -> Junior Officer | W57: 0 | X57: =IF(E57="Y","",IF(Y57="Y",INDEX('Backing 2'!B:B,MATCH(D57,'Backing 2'!C:C,0)),D57)) | Y57: N | Z57: 0 | AA57: 20 to 29 | AB57: 25 | AC57: Switzerland | AD57: Switzerland | AE57: Switzerland | AF57: 43922 | AG57: 0 | AH57: =RAND() -> 0.99769254
A58: 57 | B58: Female | C58: 4 | D58: Manager | E58: N | F58: 0 | G58: No | H58: No | I58: 0.5 | J58: Yes | K58: Y | L58: Sales & Marketing | M58: FY20 | N58: 0 | O58: NOT AVAILABLE | P58: Sales & Marketing | Q58: Full Time | R58: Full Time | S58: =IF(T58="","",INDEX('Backing 4'!U:U,MATCH(T58,'Backing 4'!T:T,0))) -> #N/A | T58: =IF(O58="","",IF(D58="1 - Executive","",D58&" & "&P58)) -> Manager & Sales & Marketing | U58: =IF(V58="","",INDEX('Backing 4'!Z:Z,MATCH(V58,'Backing 4'!Y:Y,0))) -> #N/A | V58: =IF(O58="","",IF(D58="1 - Executive","",D58)) -> Manager | W58: 3 | X58: =IF(E58="Y","",IF(Y58="Y",INDEX('Backing 2'!B:B,MATCH(D58,'Backing 2'!C:C,0)),D58)) -> Manager | Y58: N | Z58: 3 | AA58: 30 to 39 | AB58: 38 | AC58: United Kingdom | AD58: Europe | AE58: Europe | AF58: 42461 | AG58: 4 | AH58: =RAND() -> 0.6218092
A59: 58 | B59: Male | C59: 5 | D59: Senior Officer | E59: N | F59: 2 | G59: Yes | H59: Yes | I59: 0.5 | J59: No | K59: Y | L59: Sales & Marketing | M59: 0 | N59: 4 | O59: Manager | P59: Sales & Marketing | Q59: Full Time | R59: Full Time | S59: =IF(T59="","",INDEX('Backing 4'!U:U,MATCH(T59,'Backing 4'!T:T,0))) -> #N/A | T59: =IF(O59="","",IF(D59="1 - Executive","",D59&" & "&P59)) -> Senior Officer & Sales & Marketing | U59: =IF(V59="","",INDEX('Backing 4'!Z:Z,MATCH(V59,'Backing 4'!Y:Y,0))) -> #N/A | V59: =IF(O59="","",IF(D59="1 - Executive","",D59)) -> Senior Officer | W59: 2 | X59: =IF(E59="Y","",IF(Y59="Y",INDEX('Backing 2'!B:B,MATCH(D59,'Backing 2'!C:C,0)),D59)) -> Senior Officer | Y59: N | Z59: 3 | AA59: 30 to 39 | AB59: 35 | AC59: Switzerland | AD59: Switzerland | AE59: Switzerland | AF59: 43191 | AG59: 2 | AH59: =RAND() -> 0.047286718
A60: 59 | B60: Male | C60: 6 | D60: Junior Officer | E60: N | F60: 2 | G60: No | H60: Yes | I60: 0.5 | J60: No | K60: Y | L60: Operations | M60: 0 | N60: 6 | O60: Junior Officer | P60: Operations | Q60: Full Time | R60: Full Time | S60: =IF(T60="","",INDEX('Backing 4'!U:U,MATCH(T60,'Backing 4'!T:T,0))) -> #N/A | T60: =IF(O60="","",IF(D60="1 - Executive","",D60&" & "&P60)) -> Junior Officer & Operations | U60: =IF(V60="","",INDEX('Backing 4'!Z:Z,MATCH(V60,'Backing 4'!Y:Y,0))) -> #N/A | V60: =IF(O60="","",IF(D60="1 - Executive","",D60)) -> Junior Officer | W60: 1 | X60: =IF(E60="Y","",IF(Y60="Y",INDEX('Backing 2'!B:B,MATCH(D60,'Backing 2'!C:C,0)),D60)) -> Junior Officer | Y60: N | Z60: 0 | AA60: 20 to 29 | AB60: 22 | AC60: Switzerland | AD60: Switzerland | AE60: Switzerland | AF60: 43556 | AG60: 1 | AH60: =RAND() -> 0.083622623
A61: 60 | B61: Male | C61: 6 | D61: Junior Officer | E61: N | F61: 2 | G61: No | H61: No | I61: 0.5 | J61: Yes | K61: Y | L61: Operations | M61: FY20 | N61: 0 | O61: NOT AVAILABLE | P61: Operations | Q61: Full Time | R61: Full Time | S61: =IF(T61="","",INDEX('Backing 4'!U:U,MATCH(T61,'Backing 4'!T:T,0))) -> #N/A | T61: =IF(O61="","",IF(D61="1 - Executive","",D61&" & "&P61)) -> Junior Officer & Operations | U61: =IF(V61="","",INDEX('Backing 4'!Z:Z,MATCH(V61,'Backing 4'!Y:Y,0))) -> #N/A | V61: =IF(O61="","",IF(D61="1 - Executive","",D61)) -> Junior Officer | W61: 3 | X61: =IF(E61="Y","",IF(Y61="Y",INDEX('Backing 2'!B:B,MATCH(D61,'Backing 2'!C:C,0)),D61)) -> Junior Officer | Y61: N | Z61: 3 | AA61: 30 to 39 | AB61: 38 | AC61: France | AD61: Europe | AE61: Europe | AF61: 42826 | AG61: 3 | AH61: =RAND() -> 0.7793332
A62: 61 | B62: Female | C62: 6 | D62: Junior Officer | E62: N | F62: 3 | G62: No | H62: Yes | I62: 0.5 | J62: No | K62: Y | L62: Sales & Marketing | M62: 0 | N62: 6 | O62: Junior Officer | P62: Sales & Marketing | Q62: Full Time | R62: Full Time | S62: =IF(T62="","",INDEX('Backing 4'!U:U,MATCH(T62,'Backing 4'!T:T,0))) -> #N/A | T62: =IF(O62="","",IF(D62="1 - Executive","",D62&" & "&P62)) -> Junior Officer & Sales & Marketing | U62: =IF(V62="","",INDEX('Backing 4'!Z:Z,MATCH(V62,'Backing 4'!Y:Y,0))) -> #N/A | V62: =IF(O62="","",IF(D62="1 - Executive","",D62)) -> Junior Officer | W62: 1 | X62: =IF(E62="Y","",IF(Y62="Y",INDEX('Backing 2'!B:B,MATCH(D62,'Backing 2'!C:C,0)),D62)) -> Junior Officer | Y62: N | Z62: 0 | AA62: 20 to 29 | AB62: 23 | AC62: France | AD62: Europe | AE62: Europe | AF62: 43556 | AG62: 1 | AH62: =RAND() -> 0.25926355
A63: 62 | B63: Female | C63: 5 | D63: Senior Officer | E63: N | F63: 3 | G63: No | H63: No | I63: 0.5 | J63: Yes | K63: Y | L63: Operations | M63: FY20 | N63: 0 | O63: NOT AVAILABLE | P63: Operations | Q63: 0.8 | R63: Part Time | S63: =IF(T63="","",INDEX('Backing 4'!U:U,MATCH(T63,'Backing 4'!T:T,0))) -> #N/A | T63: =IF(O63="","",IF(D63="1 - Executive","",D63&" & "&P63)) -> Senior Officer & Operations | U63: =IF(V63="","",INDEX('Backing 4'!Z:Z,MATCH(V63,'Backing 4'!Y:Y,0))) -> #N/A | V63: =IF(O63="","",IF(D63="1 - Executive","",D63)) -> Senior Officer | W63: 2 | X63: =IF(E63="Y","",IF(Y63="Y",INDEX('Backing 2'!B:B,MATCH(D63,'Backing 2'!C:C,0)),D63)) -> Senior Officer | Y63: N | Z63: 3 | AA63: 50 to 59 | AB63: 56 | AC63: Switzerland | AD63: Switzerland | AE63: Switzerland | AF63: 41000 | AG63: 8 | AH63: =RAND() -> 0.60299973
A64: 63 | B64: Male | C64: 6 | D64: Junior Officer | E64: N | F64: 2 | G64: No | H64: Yes | I64: 0.5 | J64: No | K64: Y | L64: Sales & Marketing | M64: 0 | N64: 6 | O64: Junior Officer | P64: Sales & Marketing | Q64: Full Time | R64: Full Time | S64: =IF(T64="","",INDEX('Backing 4'!U:U,MATCH(T64,'Backing 4'!T:T,0))) -> #N/A | T64: =IF(O64="","",IF(D64="1 - Executive","",D64&" & "&P64)) -> Junior Officer & Sales & Marketing | U64: =IF(V64="","",INDEX('Backing 4'!Z:Z,MATCH(V64,'Backing 4'!Y:Y,0))) -> #N/A | V64: =IF(O64="","",IF(D64="1 - Executive","",D64)) -> Junior Officer | W64: 1 | X64: =IF(E64="Y","",IF(Y64="Y",INDEX('Backing 2'!B:B,MATCH(D64,'Backing 2'!C:C,0)),D64)) -> Junior Officer | Y64: N | Z64: 0 | AA64: 20 to 29 | AB64: 20 | AC64: United States | AD64: Americas | AE64: Elsewhere | AF64: 43556 | AG64: 1 | AH64: =RAND() -> 0.294235
A65: 64 | B65: Male | C65: 2 | D65: Director | E65: N | F65: 3 | G65: No | H65: Yes | I65: 0.5 | J65: No | K65: Y | L65: Sales & Marketing | M65: 0 | N65: 2 | O65: Director | P65: Sales & Marketing | Q65: Full Time | R65: Full Time | S65: =IF(T65="","",INDEX('Backing 4'!U:U,MATCH(T65,'Backing 4'!T:T,0))) -> #N/A | T65: =IF(O65="","",IF(D65="1 - Executive","",D65&" & "&P65)) -> Director & Sales & Marketing | U65: Uneven - Men benefit | V65: =IF(O65="","",IF(D65="1 - Executive","",D65)) -> Director | W65: 3 | X65: =IF(E65="Y","",IF(Y65="Y",INDEX('Backing 2'!B:B,MATCH(D65,'Backing 2'!C:C,0)),D65)) -> Director | Y65: N | Z65: 3 | AA65: 30 to 39 | AB65: 36 | AC65: Switzerland | AD65: Switzerland | AE65: Switzerland | AF65: 40634 | AG65: 9 | AH65: =RAND() -> 0.64552927
A66: 65 | B66: Female | C66: 2 | D66: Director | E66: N | F66: 2 | G66: No | H66: Yes | I66: 0.5 | J66: No | K66: Y | L66: Sales & Marketing | M66: 0 | N66: 2 | O66: Director | P66: Sales & Marketing | Q66: Full Time | R66: Full Time | S66: =IF(T66="","",INDEX('Backing 4'!U:U,MATCH(T66,'Backing 4'!T:T,0))) -> #N/A | T66: =IF(O66="","",IF(D66="1 - Executive","",D66&" & "&P66)) -> Director & Sales & Marketing | U66: Uneven - Men benefit | V66: =IF(O66="","",IF(D66="1 - Executive","",D66)) -> Director | W66: 3 | X66: =IF(E66="Y","",IF(Y66="Y",INDEX('Backing 2'!B:B,MATCH(D66,'Backing 2'!C:C,0)),D66)) -> Director | Y66: N | Z66: 3 | AA66: 40 to 49 | AB66: 45 | AC66: France | AD66: Europe | AE66: Europe | AF66: 42461 | AG66: 4 | AH66: =RAND() -> 0.52941593
A67: 66 | B67: Female | C67: 3 | D67: Senior Manager | E67: N | F67: 3 | G67: No | H67: Yes | I67: 0.5 | J67: No | K67: Y | L67: Sales & Marketing | M67: 0 | N67: 3 | O67: Senior Manager | P67: Sales & Marketing | Q67: Full Time | R67: Full Time | S67: =IF(T67="","",INDEX('Backing 4'!U:U,MATCH(T67,'Backing 4'!T:T,0))) -> #N/A | T67: =IF(O67="","",IF(D67="1 - Executive","",D67&" & "&P67)) -> Senior Manager & Sales & Marketing | U67: =IF(V67="","",INDEX('Backing 4'!Z:Z,MATCH(V67,'Backing 4'!Y:Y,0))) -> #N/A | V67: =IF(O67="","",IF(D67="1 - Executive","",D67)) -> Senior Manager | W67: 1 | X67: =IF(E67="Y","",IF(Y67="Y",INDEX('Backing 2'!B:B,MATCH(D67,'Backing 2'!C:C,0)),D67)) -> #N/A | Y67: Y | Z67: 2 | AA67: 30 to 39 | AB67: 39 | AC67: Germany | AD67: Europe | AE67: Europe | AF67: 42095 | AG67: 5 | AH67: =RAND() -> 0.78583449
A68: 67 | B68: Male | C68: 2 | D68: Director | E68: N | F68: 2 | G68: No | H68: Yes | I68: 0.5 | J68: No | K68: Y | L68: Operations | M68: 0 | N68: 2 | O68: Director | P68: Operations | Q68: Full Time | R68: Full Time | S68: =IF(T68="","",INDEX('Backing 4'!U:U,MATCH(T68,'Backing 4'!T:T,0))) -> #N/A | T68: =IF(O68="","",IF(D68="1 - Executive","",D68&" & "&P68)) -> Director & Operations | U68: Uneven - Men benefit | V68: =IF(O68="","",IF(D68="1 - Executive","",D68)) -> Director | W68: 1 | X68: =IF(E68="Y","",IF(Y68="Y",INDEX('Backing 2'!B:B,MATCH(D68,'Backing 2'!C:C,0)),D68)) -> #N/A | Y68: Y | Z68: 1 | AA68: 40 to 49 | AB68: 46 | AC68: Switzerland | AD68: Switzerland | AE68: Switzerland | AF68: 42461 | AG68: 4 | AH68: =RAND() -> 0.025351545
A69: 68 | B69: Male | C69: 5 | D69: Senior Officer | E69: N | F69: 3 | G69: No | H69: Yes | I69: 0.5 | J69: No | K69: Y | L69: Sales & Marketing | M69: 0 | N69: 5 | O69: Senior Officer | P69: Sales & Marketing | Q69: Full Time | R69: Full Time | S69: =IF(T69="","",INDEX('Backing 4'!U:U,MATCH(T69,'Backing 4'!T:T,0))) -> #N/A | T69: =IF(O69="","",IF(D69="1 - Executive","",D69&" & "&P69)) -> Senior Officer & Sales & Marketing | U69: =IF(V69="","",INDEX('Backing 4'!Z:Z,MATCH(V69,'Backing 4'!Y:Y,0))) -> #N/A | V69: =IF(O69="","",IF(D69="1 - Executive","",D69)) -> Senior Officer | W69: 5 | X69: =IF(E69="Y","",IF(Y69="Y",INDEX('Backing 2'!B:B,MATCH(D69,'Backing 2'!C:C,0)),D69)) -> Senior Officer | Y69: N | Z69: 3 | AA69: 20 to 29 | AB69: 25 | AC69: Switzerland | AD69: Switzerland | AE69: Switzerland | AF69: 41730 | AG69: 6 | AH69: =RAND() -> 0.57437366
A70: 69 | B70: Female | C70: 6 | D70: Junior Officer | E70: N | F70: 2 | G70: No | H70: Yes | I70: 0.5 | J70: No | K70: Y | L70: Operations | M70: 0 | N70: 6 | O70: Junior Officer | P70: Operations | Q70: Full Time | R70: Full Time | S70: =IF(T70="","",INDEX('Backing 4'!U:U,MATCH(T70,'Backing 4'!T:T,0))) -> #N/A | T70: =IF(O70="","",IF(D70="1 - Executive","",D70&" & "&P70)) -> Junior Officer & Operations | U70: =IF(V70="","",INDEX('Backing 4'!Z:Z,MATCH(V70,'Backing 4'!Y:Y,0))) -> #N/A | V70: =IF(O70="","",IF(D70="1 - Executive","",D70)) -> Junior Officer | W70: 2 | X70: =IF(E70="Y","",IF(Y70="Y",INDEX('Backing 2'!B:B,MATCH(D70,'Backing 2'!C:C,0)),D70)) -> Junior Officer | Y70: N | Z70: 2 | AA70: 20 to 29 | AB70: 26 | AC70: United Kingdom | AD70: Europe | AE70: Europe | AF70: 43191 | AG70: 2 | AH70: =RAND() -> 0.63103567
A71: 70 | B71: Male | C71: 5 | D71: Senior Officer | E71: N | F71: 2 | G71: No | H71: Yes | I71: 0.5 | J71: No | K71: Y | L71: Sales & Marketing | M71: 0 | N71: 5 | O71: Senior Officer | P71: Sales & Marketing | Q71: Full Time | R71: Full Time | S71: =IF(T71="","",INDEX('Backing 4'!U:U,MATCH(T71,'Backing 4'!T:T,0))) -> #N/A | T71: =IF(O71="","",IF(D71="1 - Executive","",D71&" & "&P71)) -> Senior Officer & Sales & Marketing | U71: =IF(V71="","",INDEX('Backing 4'!Z:Z,MATCH(V71,'Backing 4'!Y:Y,0))) -> #N/A | V71: =IF(O71="","",IF(D71="1 - Executive","",D71)) -> Senior Officer | W71: 4 | X71: =IF(E71="Y","",IF(Y71="Y",INDEX('Backing 2'!B:B,MATCH(D71,'Backing 2'!C:C,0)),D71)) -> Senior Officer | Y71: N | Z71: 3 | AA71: 20 to 29 | AB71: 29 | AC71: Switzerland | AD71: Switzerland | AE71: Switzerland | AF71: 42461 | AG71: 4 | AH71: =RAND() -> 0.8416646
A72: 71 | B72: Female | C72: 4 | D72: Manager | E72: N | F72: 3 | G72: No | H72: Yes | I72: 0.5 | J72: No | K72: Y | L72: Operations | M72: 0 | N72: 4 | O72: Manager | P72: Operations | Q72: Full Time | R72: Full Time | S72: =IF(T72="","",INDEX('Backing 4'!U:U,MATCH(T72,'Backing 4'!T:T,0))) -> #N/A | T72: =IF(O72="","",IF(D72="1 - Executive","",D72&" & "&P72)) -> Manager & Operations | U72: =IF(V72="","",INDEX('Backing 4'!Z:Z,MATCH(V72,'Backing 4'!Y:Y,0))) -> #N/A | V72: =IF(O72="","",IF(D72="1 - Executive","",D72)) -> Manager | W72: 4 | X72: =IF(E72="Y","",IF(Y72="Y",INDEX('Backing 2'!B:B,MATCH(D72,'Backing 2'!C:C,0)),D72)) -> Manager | Y72: N | Z72: 3 | AA72: 40 to 49 | AB72: 40 | AC72: Portugal | AD72: Europe | AE72: Europe | AF72: 40634 | AG72: 9 | AH72: =RAND() -> 0.10693681
A73: 72 | B73: Female | C73: 5 | D73: Senior Officer | E73: N | F73: 2 | G73: No | H73: Yes | I73: 0.5 | J73: No | K73: Y | L73: Operations | M73: 0 | N73: 5 | O73: Senior Officer | P73: Operations | Q73: Full Time | R73: Full Time | S73: =IF(T73="","",INDEX('Backing 4'!U:U,MATCH(T73,'Backing 4'!T:T,0))) -> #N/A | T73: =IF(O73="","",IF(D73="1 - Executive","",D73&" & "&P73)) -> Senior Officer & Operations | U73: =IF(V73="","",INDEX('Backing 4'!Z:Z,MATCH(V73,'Backing 4'!Y:Y,0))) -> #N/A | V73: =IF(O73="","",IF(D73="1 - Executive","",D73)) -> Senior Officer | W73: 4 | X73: =IF(E73="Y","",IF(Y73="Y",INDEX('Backing 2'!B:B,MATCH(D73,'Backing 2'!C:C,0)),D73)) -> Senior Officer | Y73: N | Z73: 3 | AA73: 30 to 39 | AB73: 34 | AC73: France | AD73: Europe | AE73: Europe | AF73: 42461 | AG73: 4 | AH73: =RAND() -> 0.82582115
A74: 73 | B74: Male | C74: 2 | D74: Director | E74: Y | F74: 0 | G74: No | H74: No | I74: 0.5 | J74: No | K74: N | L74: Operations | M74: 0 | N74: 2 | O74: Director | P74: Operations | Q74: Full Time | R74: Full Time | S74: =IF(T74="","",INDEX('Backing 4'!U:U,MATCH(T74,'Backing 4'!T:T,0))) -> #N/A | T74: =IF(O74="","",IF(D74="1 - Executive","",D74&" & "&P74)) -> Director & Operations | U74: Uneven - Men benefit | V74: =IF(O74="","",IF(D74="1 - Executive","",D74)) -> Director | W74: 0 | X74: =IF(E74="Y","",IF(Y74="Y",INDEX('Backing 2'!B:B,MATCH(D74,'Backing 2'!C:C,0)),D74)) | Y74: N | Z74: 0 | AA74: 50 to 59 | AB74: 51 | AC74: Switzerland | AD74: Switzerland | AE74: Switzerland | AF74: 43922 | AG74: 0 | AH74: =RAND() -> 0.39572263
A75: 74 | B75: Female | C75: 5 | D75: Senior Officer | E75: N | F75: 0 | G75: No | H75: No | I75: 0.5 | J75: Yes | K75: Y | L75: Sales & Marketing | M75: FY20 | N75: 0 | O75: NOT AVAILABLE | P75: Sales & Marketing | Q75: 0.8 | R75: Part Time | S75: =IF(T75="","",INDEX('Backing 4'!U:U,MATCH(T75,'Backing 4'!T:T,0))) -> #N/A | T75: =IF(O75="","",IF(D75="1 - Executive","",D75&" & "&P75)) -> Senior Officer & Sales & Marketing | U75: =IF(V75="","",INDEX('Backing 4'!Z:Z,MATCH(V75,'Backing 4'!Y:Y,0))) -> #N/A | V75: =IF(O75="","",IF(D75="1 - Executive","",D75)) -> Senior Officer | W75: 3 | X75: =IF(E75="Y","",IF(Y75="Y",INDEX('Backing 2'!B:B,MATCH(D75,'Backing 2'!C:C,0)),D75)) -> Senior Officer | Y75: N | Z75: 3 | AA75: 40 to 49 | AB75: 41 | AC75: Switzerland | AD75: Switzerland | AE75: Switzerland | AF75: 42826 | AG75: 3 | AH75: =RAND() -> 0.65584072
A76: 75 | B76: Female | C76: 6 | D76: Junior Officer | E76: N | F76: 3 | G76: No | H76: Yes | I76: 0.5 | J76: No | K76: Y | L76: Sales & Marketing | M76: 0 | N76: 6 | O76: Junior Officer | P76: Sales & Marketing | Q76: Full Time | R76: Full Time | S76: =IF(T76="","",INDEX('Backing 4'!U:U,MATCH(T76,'Backing 4'!T:T,0))) -> #N/A | T76: =IF(O76="","",IF(D76="1 - Executive","",D76&" & "&P76)) -> Junior Officer & Sales & Marketing | U76: =IF(V76="","",INDEX('Backing 4'!Z:Z,MATCH(V76,'Backing 4'!Y:Y,0))) -> #N/A | V76: =IF(O76="","",IF(D76="1 - Executive","",D76)) -> Junior Officer | W76: 3 | X76: =IF(E76="Y","",IF(Y76="Y",INDEX('Backing 2'!B:B,MATCH(D76,'Backing 2'!C:C,0)),D76)) -> Junior Officer | Y76: N | Z76: 2 | AA76: 20 to 29 | AB76: 24 | AC76: Switzerland | AD76: Switzerland | AE76: Switzerland | AF76: 42826 | AG76: 3 | AH76: =RAND() -> 0.14943193
A77: 76 | B77: Female | C77: 4 | D77: Manager | E77: N | F77: 2 | G77: Yes | H77: Yes | I77: 0.5 | J77: No | K77: Y | L77: Internal Services | M77: 0 | N77: 3 | O77: Senior Manager | P77: Internal Services | Q77: Full Time | R77: Full Time | S77: =IF(T77="","",INDEX('Backing 4'!U:U,MATCH(T77,'Backing 4'!T:T,0))) -> #N/A | T77: =IF(O77="","",IF(D77="1 - Executive","",D77&" & "&P77)) -> Manager & Internal Services | U77: =IF(V77="","",INDEX('Backing 4'!Z:Z,MATCH(V77,'Backing 4'!Y:Y,0))) -> #N/A | V77: =IF(O77="","",IF(D77="1 - Executive","",D77)) -> Manager | W77: 4 | X77: =IF(E77="Y","",IF(Y77="Y",INDEX('Backing 2'!B:B,MATCH(D77,'Backing 2'!C:C,0)),D77)) -> Manager | Y77: N | Z77: 3 | AA77: 40 to 49 | AB77: 43 | AC77: Switzerland | AD77: Switzerland | AE77: Switzerland | AF77: 41000 | AG77: 8 | AH77: =RAND() -> 0.23052093
A78: 77 | B78: Male | C78: 3 | D78: Senior Manager | E78: N | F78: 2 | G78: No | H78: Yes | I78: 0.5 | J78: No | K78: Y | L78: Sales & Marketing | M78: 0 | N78: 3 | O78: Senior Manager | P78: Sales & Marketing | Q78: Full Time | R78: Full Time | S78: =IF(T78="","",INDEX('Backing 4'!U:U,MATCH(T78,'Backing 4'!T:T,0))) -> #N/A | T78: =IF(O78="","",IF(D78="1 - Executive","",D78&" & "&P78)) -> Senior Manager & Sales & Marketing | U78: =IF(V78="","",INDEX('Backing 4'!Z:Z,MATCH(V78,'Backing 4'!Y:Y,0))) -> #N/A | V78: =IF(O78="","",IF(D78="1 - Executive","",D78)) -> Senior Manager | W78: 2 | X78: =IF(E78="Y","",IF(Y78="Y",INDEX('Backing 2'!B:B,MATCH(D78,'Backing 2'!C:C,0)),D78)) -> Senior Manager | Y78: N | Z78: 3 | AA78: 40 to 49 | AB78: 41 | AC78: Germany | AD78: Europe | AE78: Europe | AF78: 42461 | AG78: 4 | AH78: =RAND() -> 0.22060864
A79: 78 | B79: Female | C79: 5 | D79: Senior Officer | E79: N | F79: 2 | G79: No | H79: Yes | I79: 0.5 | J79: No | K79: Y | L79: Sales & Marketing | M79: 0 | N79: 5 | O79: Senior Officer | P79: Sales & Marketing | Q79: 0.7 | R79: Part Time | S79: =IF(T79="","",INDEX('Backing 4'!U:U,MATCH(T79,'Backing 4'!T:T,0))) -> #N/A | T79: =IF(O79="","",IF(D79="1 - Executive","",D79&" & "&P79)) -> Senior Officer & Sales & Marketing | U79: =IF(V79="","",INDEX('Backing 4'!Z:Z,MATCH(V79,'Backing 4'!Y:Y,0))) -> #N/A | V79: =IF(O79="","",IF(D79="1 - Executive","",D79)) -> Senior Officer | W79: 3 | X79: =IF(E79="Y","",IF(Y79="Y",INDEX('Backing 2'!B:B,MATCH(D79,'Backing 2'!C:C,0)),D79)) -> Senior Officer | Y79: N | Z79: 3 | AA79: 30 to 39 | AB79: 31 | AC79: Switzerland | AD79: Switzerland | AE79: Switzerland | AF79: 41000 | AG79: 8 | AH79: =RAND() -> 0.10823773
A80: 79 | B80: Male | C80: 6 | D80: Junior Officer | E80: Y | F80: 0 | G80: No | H80: No | I80: 0.5 | J80: No | K80: N | L80: Sales & Marketing | M80: 0 | N80: 6 | O80: Junior Officer | P80: Sales & Marketing | Q80: Full Time | R80: Full Time | S80: =IF(T80="","",INDEX('Backing 4'!U:U,MATCH(T80,'Backing 4'!T:T,0))) -> #N/A | T80: =IF(O80="","",IF(D80="1 - Executive","",D80&" & "&P80)) -> Junior Officer & Sales & Marketing | U80: =IF(V80="","",INDEX('Backing 4'!Z:Z,MATCH(V80,'Backing 4'!Y:Y,0))) -> #N/A | V80: =IF(O80="","",IF(D80="1 - Executive","",D80)) -> Junior Officer | W80: 0 | X80: =IF(E80="Y","",IF(Y80="Y",INDEX('Backing 2'!B:B,MATCH(D80,'Backing 2'!C:C,0)),D80)) | Y80: N | Z80: 0 | AA80: 20 to 29 | AB80: 26 | AC80: Germany | AD80: Europe | AE80: Europe | AF80: 43922 | AG80: 0 | AH80: =RAND() -> 0.22862772
A81: 80 | B81: Female | C81: 5 | D81: Senior Officer | E81: N | F81: 3 | G81: No | H81: Yes | I81: 0.5 | J81: No | K81: Y | L81: Operations | M81: 0 | N81: 5 | O81: Senior Officer | P81: Operations | Q81: 0.5 | R81: Part Time | S81: =IF(T81="","",INDEX('Backing 4'!U:U,MATCH(T81,'Backing 4'!T:T,0))) -> #N/A | T81: =IF(O81="","",IF(D81="1 - Executive","",D81&" & "&P81)) -> Senior Officer & Operations | U81: =IF(V81="","",INDEX('Backing 4'!Z:Z,MATCH(V81,'Backing 4'!Y:Y,0))) -> #N/A | V81: =IF(O81="","",IF(D81="1 - Executive","",D81)) -> Senior Officer | W81: 3 | X81: =IF(E81="Y","",IF(Y81="Y",INDEX('Backing 2'!B:B,MATCH(D81,'Backing 2'!C:C,0)),D81)) -> Senior Officer | Y81: N | Z81: 2 | AA81: 20 to 29 | AB81: 28 | AC81: France | AD81: Europe | AE81: Europe | AF81: 41730 | AG81: 6 | AH81: =RAND() -> 0.15571446
A82: 81 | B82: Male | C82: 2 | D82: Director | E82: N | F82: 3 | G82: No | H82: Yes | I82: 0.5 | J82: No | K82: Y | L82: Operations | M82: 0 | N82: 2 | O82: Director | P82: Operations | Q82: Full Time | R82: Full Time | S82: =IF(T82="","",INDEX('Backing 4'!U:U,MATCH(T82,'Backing 4'!T:T,0))) -> #N/A | T82: =IF(O82="","",IF(D82="1 - Executive","",D82&" & "&P82)) -> Director & Operations | U82: Uneven - Men benefit | V82: =IF(O82="","",IF(D82="1 - Executive","",D82)) -> Director | W82: 3 | X82: =IF(E82="Y","",IF(Y82="Y",INDEX('Backing 2'!B:B,MATCH(D82,'Backing 2'!C:C,0)),D82)) -> Director | Y82: N | Z82: 2 | AA82: 40 to 49 | AB82: 42 | AC82: Switzerland | AD82: Switzerland | AE82: Switzerland | AF82: 41365 | AG82: 7 | AH82: =RAND() -> 0.8159979
A83: 82 | B83: Male | C83: 6 | D83: Junior Officer | E83: N | F83: 1 | G83: No | H83: Yes | I83: 0.5 | J83: No | K83: Y | L83: Internal Services | M83: 0 | N83: 6 | O83: Junior Officer | P83: Internal Services | Q83: Full Time | R83: Full Time | S83: =IF(T83="","",INDEX('Backing 4'!U:U,MATCH(T83,'Backing 4'!T:T,0))) -> #N/A | T83: =IF(O83="","",IF(D83="1 - Executive","",D83&" & "&P83)) -> Junior Officer & Internal Services | U83: =IF(V83="","",INDEX('Backing 4'!Z:Z,MATCH(V83,'Backing 4'!Y:Y,0))) -> #N/A | V83: =IF(O83="","",IF(D83="1 - Executive","",D83)) -> Junior Officer | W83: 2 | X83: =IF(E83="Y","",IF(Y83="Y",INDEX('Backing 2'!B:B,MATCH(D83,'Backing 2'!C:C,0)),D83)) -> Junior Officer | Y83: N | Z83: 3 | AA83: 20 to 29 | AB83: 25 | AC83: Switzerland | AD83: Switzerland | AE83: Switzerland | AF83: 43191 | AG83: 2 | AH83: =RAND() -> 0.93367236
A84: 83 | B84: Female | C84: 6 | D84: Junior Officer | E84: N | F84: 4 | G84: No | H84: Yes | I84: 0.5 | J84: No | K84: Y | L84: Operations | M84: 0 | N84: 6 | O84: Junior Officer | P84: Operations | Q84: Full Time | R84: Full Time | S84: =IF(T84="","",INDEX('Backing 4'!U:U,MATCH(T84,'Backing 4'!T:T,0))) -> #N/A | T84: =IF(O84="","",IF(D84="1 - Executive","",D84&" & "&P84)) -> Junior Officer & Operations | U84: =IF(V84="","",INDEX('Backing 4'!Z:Z,MATCH(V84,'Backing 4'!Y:Y,0))) -> #N/A | V84: =IF(O84="","",IF(D84="1 - Executive","",D84)) -> Junior Officer | W84: 3 | X84: =IF(E84="Y","",IF(Y84="Y",INDEX('Backing 2'!B:B,MATCH(D84,'Backing 2'!C:C,0)),D84)) -> Junior Officer | Y84: N | Z84: 3 | AA84: 20 to 29 | AB84: 23 | AC84: Switzerland | AD84: Switzerland | AE84: Switzerland | AF84: 42826 | AG84: 3 | AH84: =RAND() -> 0.90586735
A85: 84 | B85: Female | C85: 6 | D85: Junior Officer | E85: N | F85: 3 | G85: No | H85: Yes | I85: 0.5 | J85: No | K85: Y | L85: Operations | M85: 0 | N85: 6 | O85: Junior Officer | P85: Operations | Q85: Full Time | R85: Full Time | S85: =IF(T85="","",INDEX('Backing 4'!U:U,MATCH(T85,'Backing 4'!T:T,0))) -> #N/A | T85: =IF(O85="","",IF(D85="1 - Executive","",D85&" & "&P85)) -> Junior Officer & Operations | U85: =IF(V85="","",INDEX('Backing 4'!Z:Z,MATCH(V85,'Backing 4'!Y:Y,0))) -> #N/A | V85: =IF(O85="","",IF(D85="1 - Executive","",D85)) -> Junior Officer | W85: 3 | X85: =IF(E85="Y","",IF(Y85="Y",INDEX('Backing 2'!B:B,MATCH(D85,'Backing 2'!C:C,0)),D85)) -> Junior Officer | Y85: N | Z85: 3 | AA85: 20 to 29 | AB85: 26 | AC85: France | AD85: Europe | AE85: Europe | AF85: 42826 | AG85: 3 | AH85: =RAND() -> 0.47321076
A86: 85 | B86: Male | C86: 2 | D86: Director | E86: N | F86: 4 | G86: No | H86: No | I86: 0.5 | J86: Yes | K86: Y | L86: Internal Services | M86: FY20 | N86: 0 | O86: NOT AVAILABLE | P86: Internal Services | Q86: Full Time | R86: Full Time | S86: =IF(T86="","",INDEX('Backing 4'!U:U,MATCH(T86,'Backing 4'!T:T,0))) -> #N/A | T86: =IF(O86="","",IF(D86="1 - Executive","",D86&" & "&P86)) -> Director & Internal Services | U86: =IF(V86="","",INDEX('Backing 4'!Z:Z,MATCH(V86,'Backing 4'!Y:Y,0))) -> #N/A | V86: =IF(O86="","",IF(D86="1 - Executive","",D86)) -> Director | W86: 2 | X86: =IF(E86="Y","",IF(Y86="Y",INDEX('Backing 2'!B:B,MATCH(D86,'Backing 2'!C:C,0)),D86)) -> Director | Y86: N | Z86: 4 | AA86: 30 to 39 | AB86: 33 | AC86: France | AD86: Europe | AE86: Europe | AF86: 42826 | AG86: 3 | AH86: =RAND() -> 0.44933722
A87: 86 | B87: Female | C87: 6 | D87: Junior Officer | E87: N | F87: 2 | G87: No | H87: Yes | I87: 0.5 | J87: No | K87: Y | L87: Sales & Marketing | M87: 0 | N87: 6 | O87: Junior Officer | P87: Sales & Marketing | Q87: Full Time | R87: Full Time | S87: =IF(T87="","",INDEX('Backing 4'!U:U,MATCH(T87,'Backing 4'!T:T,0))) -> #N/A | T87: =IF(O87="","",IF(D87="1 - Executive","",D87&" & "&P87)) -> Junior Officer & Sales & Marketing | U87: =IF(V87="","",INDEX('Backing 4'!Z:Z,MATCH(V87,'Backing 4'!Y:Y,0))) -> #N/A | V87: =IF(O87="","",IF(D87="1 - Executive","",D87)) -> Junior Officer | W87: 2 | X87: =IF(E87="Y","",IF(Y87="Y",INDEX('Backing 2'!B:B,MATCH(D87,'Backing 2'!C:C,0)),D87)) -> Junior Officer | Y87: N | Z87: 3 | AA87: 20 to 29 | AB87: 25 | AC87: Switzerland | AD87: Switzerland | AE87: Switzerland | AF87: 43191 | AG87: 2 | AH87: =RAND() -> 0.59744389
A88: 87 | B88: Male | C88: 1 | D88: Executive | E88: N | F88: 0 | G88: No | H88: No | I88: 0.5 | J88: No | K88: Y | L88: Internal Services | M88: 0 | N88: 1 | O88: Executive | P88: Internal Services | Q88: Full Time | R88: Full Time | S88: =IF(T88="","",INDEX('Backing 4'!U:U,MATCH(T88,'Backing 4'!T:T,0))) -> #N/A | T88: =IF(O88="","",IF(D88="1 - Executive","",D88&" & "&P88)) -> Executive & Internal Services | U88: =IF(V88="","",INDEX('Backing 4'!Z:Z,MATCH(V88,'Backing 4'!Y:Y,0))) -> #N/A | V88: =IF(O88="","",IF(D88="1 - Executive","",D88)) -> Executive | W88: 3 | X88: =IF(E88="Y","",IF(Y88="Y",INDEX('Backing 2'!B:B,MATCH(D88,'Backing 2'!C:C,0)),D88)) -> Executive | Y88: N | Z88: 2 | AA88: 40 to 49 | AB88: 40 | AC88: Switzerland | AD88: Switzerland | AE88: Switzerland | AF88: 40634 | AG88: 9 | AH88: =RAND() -> 0.60678332
A89: 88 | B89: Male | C89: 6 | D89: Junior Officer | E89: N | F89: 2 | G89: Yes | H89: Yes | I89: 0.5 | J89: No | K89: Y | L89: HR | M89: 0 | N89: 5 | O89: Senior Officer | P89: HR | Q89: Full Time | R89: Full Time | S89: =IF(T89="","",INDEX('Backing 4'!U:U,MATCH(T89,'Backing 4'!T:T,0))) -> #N/A | T89: =IF(O89="","",IF(D89="1 - Executive","",D89&" & "&P89)) -> Junior Officer & HR | U89: =IF(V89="","",INDEX('Backing 4'!Z:Z,MATCH(V89,'Backing 4'!Y:Y,0))) -> #N/A | V89: =IF(O89="","",IF(D89="1 - Executive","",D89)) -> Junior Officer | W89: 3 | X89: =IF(E89="Y","",IF(Y89="Y",INDEX('Backing 2'!B:B,MATCH(D89,'Backing 2'!C:C,0)),D89)) -> Junior Officer | Y89: N | Z89: 3 | AA89: 20 to 29 | AB89: 24 | AC89: Switzerland | AD89: Switzerland | AE89: Switzerland | AF89: 42826 | AG89: 3 | AH89: =RAND() -> 0.12128377
A90: 89 | B90: Male | C90: 3 | D90: Senior Manager | E90: Y | F90: 0 | G90: No | H90: No | I90: 0.5 | J90: No | K90: N | L90: Internal Services | M90: 0 | N90: 3 | O90: Senior Manager | P90: Internal Services | Q90: Full Time | R90: Full Time | S90: =IF(T90="","",INDEX('Backing 4'!U:U,MATCH(T90,'Backing 4'!T:T,0))) -> #N/A | T90: =IF(O90="","",IF(D90="1 - Executive","",D90&" & "&P90)) -> Senior Manager & Internal Services | U90: =IF(V90="","",INDEX('Backing 4'!Z:Z,MATCH(V90,'Backing 4'!Y:Y,0))) -> #N/A | V90: =IF(O90="","",IF(D90="1 - Executive","",D90)) -> Senior Manager | W90: 0 | X90: =IF(E90="Y","",IF(Y90="Y",INDEX('Backing 2'!B:B,MATCH(D90,'Backing 2'!C:C,0)),D90)) | Y90: N | Z90: 0 | AA90: 30 to 39 | AB90: 38 | AC90: Germany | AD90: Europe | AE90: Europe | AF90: 43922 | AG90: 0 | AH90: =RAND() -> 0.91735312
A91: 90 | B91: Male | C91: 5 | D91: Senior Officer | E91: N | F91: 2 | G91: No | H91: Yes | I91: 0.5 | J91: No | K91: Y | L91: Sales & Marketing | M91: 0 | N91: 5 | O91: Senior Officer | P91: Sales & Marketing | Q91: Full Time | R91: Full Time | S91: =IF(T91="","",INDEX('Backing 4'!U:U,MATCH(T91,'Backing 4'!T:T,0))) -> #N/A | T91: =IF(O91="","",IF(D91="1 - Executive","",D91&" & "&P91)) -> Senior Officer & Sales & Marketing | U91: =IF(V91="","",INDEX('Backing 4'!Z:Z,MATCH(V91,'Backing 4'!Y:Y,0))) -> #N/A | V91: =IF(O91="","",IF(D91="1 - Executive","",D91)) -> Senior Officer | W91: 1 | X91: =IF(E91="Y","",IF(Y91="Y",INDEX('Backing 2'!B:B,MATCH(D91,'Backing 2'!C:C,0)),D91)) -> #N/A | Y91: Y | Z91: 1 | AA91: 20 to 29 | AB91: 29 | AC91: Switzerland | AD91: Switzerland | AE91: Switzerland | AF91: 40634 | AG91: 9 | AH91: =RAND() -> 0.99797294
A92: 91 | B92: Male | C92: 5 | D92: Senior Officer | E92: N | F92: 2 | G92: Yes | H92: Yes | I92: 0.5 | J92: No | K92: Y | L92: Operations | M92: 0 | N92: 4 | O92: Manager | P92: Operations | Q92: Full Time | R92: Full Time | S92: =IF(T92="","",INDEX('Backing 4'!U:U,MATCH(T92,'Backing 4'!T:T,0))) -> #N/A | T92: =IF(O92="","",IF(D92="1 - Executive","",D92&" & "&P92)) -> Senior Officer & Operations | U92: =IF(V92="","",INDEX('Backing 4'!Z:Z,MATCH(V92,'Backing 4'!Y:Y,0))) -> #N/A | V92: =IF(O92="","",IF(D92="1 - Executive","",D92)) -> Senior Officer | W92: 1 | X92: =IF(E92="Y","",IF(Y92="Y",INDEX('Backing 2'!B:B,MATCH(D92,'Backing 2'!C:C,0)),D92)) -> #N/A | Y92: Y | Z92: 1 | AA92: 30 to 39 | AB92: 31 | AC92: Germany | AD92: Europe | AE92: Europe | AF92: 42095 | AG92: 5 | AH92: =RAND() -> 0.010084302
A93: 92 | B93: Male | C93: 6 | D93: Junior Officer | E93: N | F93: 3 | G93: No | H93: Yes | I93: 0.5 | J93: No | K93: Y | L93: Operations | M93: 0 | N93: 6 | O93: Junior Officer | P93: Operations | Q93: Full Time | R93: Full Time | S93: =IF(T93="","",INDEX('Backing 4'!U:U,MATCH(T93,'Backing 4'!T:T,0))) -> #N/A | T93: =IF(O93="","",IF(D93="1 - Executive","",D93&" & "&P93)) -> Junior Officer & Operations | U93: =IF(V93="","",INDEX('Backing 4'!Z:Z,MATCH(V93,'Backing 4'!Y:Y,0))) -> #N/A | V93: =IF(O93="","",IF(D93="1 - Executive","",D93)) -> Junior Officer | W93: 4 | X93: =IF(E93="Y","",IF(Y93="Y",INDEX('Backing 2'!B:B,MATCH(D93,'Backing 2'!C:C,0)),D93)) -> Junior Officer | Y93: N | Z93: 3 | AA93: 20 to 29 | AB93: 26 | AC93: Switzerland | AD93: Switzerland | AE93: Switzerland | AF93: 42461 | AG93: 4 | AH93: =RAND() -> 0.94266835
A94: 93 | B94: Male | C94: 2 | D94: Director | E94: N | F94: 3 | G94: No | H94: Yes | I94: 0.5 | J94: No | K94: Y | L94: Sales & Marketing | M94: 0 | N94: 2 | O94: Director | P94: Sales & Marketing | Q94: Full Time | R94: Full Time | S94: =IF(T94="","",INDEX('Backing 4'!U:U,MATCH(T94,'Backing 4'!T:T,0))) -> #N/A | T94: =IF(O94="","",IF(D94="1 - Executive","",D94&" & "&P94)) -> Director & Sales & Marketing | U94: Uneven - Men benefit | V94: =IF(O94="","",IF(D94="1 - Executive","",D94)) -> Director | W94: 3 | X94: =IF(E94="Y","",IF(Y94="Y",INDEX('Backing 2'!B:B,MATCH(D94,'Backing 2'!C:C,0)),D94)) -> Director | Y94: N | Z94: 3 | AA94: 30 to 39 | AB94: 39 | AC94: Switzerland | AD94: Switzerland | AE94: Switzerland | AF94: 41730 | AG94: 6 | AH94: =RAND() -> 0.14743722
A95: 94 | B95: Male | C95: 4 | D95: Manager | E95: N | F95: 2 | G95: No | H95: No | I95: 0.5 | J95: Yes | K95: Y | L95: Operations | M95: FY20 | N95: 0 | O95: NOT AVAILABLE | P95: Operations | Q95: Full Time | R95: Full Time | S95: =IF(T95="","",INDEX('Backing 4'!U:U,MATCH(T95,'Backing 4'!T:T,0))) -> #N/A | T95: =IF(O95="","",IF(D95="1 - Executive","",D95&" & "&P95)) -> Manager & Operations | U95: =IF(V95="","",INDEX('Backing 4'!Z:Z,MATCH(V95,'Backing 4'!Y:Y,0))) -> #N/A | V95: =IF(O95="","",IF(D95="1 - Executive","",D95)) -> Manager | W95: 2 | X95: =IF(E95="Y","",IF(Y95="Y",INDEX('Backing 2'!B:B,MATCH(D95,'Backing 2'!C:C,0)),D95)) -> Manager | Y95: N | Z95: 3 | AA95: 40 to 49 | AB95: 44 | AC95: Switzerland | AD95: Switzerland | AE95: Switzerland | AF95: 42826 | AG95: 3 | AH95: =RAND() -> 0.0090477479
A96: 95 | B96: Male | C96: 3 | D96: Senior Manager | E96: N | F96: 4 | G96: No | H96: No | I96: 0.5 | J96: Yes | K96: Y | L96: Operations | M96: FY20 | N96: 0 | O96: NOT AVAILABLE | P96: Operations | Q96: Full Time | R96: Full Time | S96: =IF(T96="","",INDEX('Backing 4'!U:U,MATCH(T96,'Backing 4'!T:T,0))) -> #N/A | T96: =IF(O96="","",IF(D96="1 - Executive","",D96&" & "&P96)) -> Senior Manager & Operations | U96: =IF(V96="","",INDEX('Backing 4'!Z:Z,MATCH(V96,'Backing 4'!Y:Y,0))) -> #N/A | V96: =IF(O96="","",IF(D96="1 - Executive","",D96)) -> Senior Manager | W96: 3 | X96: =IF(E96="Y","",IF(Y96="Y",INDEX('Backing 2'!B:B,MATCH(D96,'Backing 2'!C:C,0)),D96)) -> Senior Manager | Y96: N | Z96: 3 | AA96: 40 to 49 | AB96: 40 | AC96: Germany | AD96: Europe | AE96: Europe | AF96: 41000 | AG96: 8 | AH96: =RAND() -> 0.44921532
A97: 96 | B97: Male | C97: 6 | D97: Junior Officer | E97: N | F97: 2 | G97: No | H97: Yes | I97: 0.5 | J97: No | K97: Y | L97: Operations | M97: 0 | N97: 6 | O97: Junior Officer | P97: Operations | Q97: Full Time | R97: Full Time | S97: =IF(T97="","",INDEX('Backing 4'!U:U,MATCH(T97,'Backing 4'!T:T,0))) -> #N/A | T97: =IF(O97="","",IF(D97="1 - Executive","",D97&" & "&P97)) -> Junior Officer & Operations | U97: =IF(V97="","",INDEX('Backing 4'!Z:Z,MATCH(V97,'Backing 4'!Y:Y,0))) -> #N/A | V97: =IF(O97="","",IF(D97="1 - Executive","",D97)) -> Junior Officer | W97: 1 | X97: =IF(E97="Y","",IF(Y97="Y",INDEX('Backing 2'!B:B,MATCH(D97,'Backing 2'!C:C,0)),D97)) -> Junior Officer | Y97: N | Z97: 0 | AA97: 20 to 29 | AB97: 25 | AC97: France | AD97: Europe | AE97: Europe | AF97: 43556 | AG97: 1 | AH97: =RAND() -> 0.33291753
A98: 97 | B98: Female | C98: 4 | D98: Manager | E98: N | F98: 2 | G98: No | H98: Yes | I98: 0.5 | J98: No | K98: Y | L98: HR | M98: 0 | N98: 4 | O98: Manager | P98: HR | Q98: Full Time | R98: Full Time | S98: =IF(T98="","",INDEX('Backing 4'!U:U,MATCH(T98,'Backing 4'!T:T,0))) -> #N/A | T98: =IF(O98="","",IF(D98="1 - Executive","",D98&" & "&P98)) -> Manager & HR | U98: =IF(V98="","",INDEX('Backing 4'!Z:Z,MATCH(V98,'Backing 4'!Y:Y,0))) -> #N/A | V98: =IF(O98="","",IF(D98="1 - Executive","",D98)) -> Manager | W98: 2 | X98: =IF(E98="Y","",IF(Y98="Y",INDEX('Backing 2'!B:B,MATCH(D98,'Backing 2'!C:C,0)),D98)) -> Manager | Y98: N | Z98: 3 | AA98: 40 to 49 | AB98: 40 | AC98: Germany | AD98: Europe | AE98: Europe | AF98: 42826 | AG98: 3 | AH98: =RAND() -> 0.94541357
A99: 98 | B99: Male | C99: 2 | D99: Director | E99: N | F99: 3 | G99: No | H99: Yes | I99: 0.5 | J99: No | K99: Y | L99: Operations | M99: 0 | N99: 2 | O99: Director | P99: Operations | Q99: Full Time | R99: Full Time | S99: =IF(T99="","",INDEX('Backing 4'!U:U,MATCH(T99,'Backing 4'!T:T,0))) -> #N/A | T99: =IF(O99="","",IF(D99="1 - Executive","",D99&" & "&P99)) -> Director & Operations | U99: Uneven - Men benefit | V99: =IF(O99="","",IF(D99="1 - Executive","",D99)) -> Director | W99: 3 | X99: =IF(E99="Y","",IF(Y99="Y",INDEX('Backing 2'!B:B,MATCH(D99,'Backing 2'!C:C,0)),D99)) -> Director | Y99: N | Z99: 3 | AA99: 40 to 49 | AB99: 41 | AC99: Switzerland | AD99: Switzerland | AE99: Switzerland | AF99: 40634 | AG99: 9 | AH99: =RAND() -> 0.91946206
A100: 99 | B100: Female | C100: 6 | D100: Junior Officer | E100: N | F100: 3 | G100: No | H100: Yes | I100: 0.5 | J100: No | K100: Y | L100: Sales & Marketing | M100: 0 | N100: 6 | O100: Junior Officer | P100: Sales & Marketing | Q100: Full Time | R100: Full Time | S100: =IF(T100="","",INDEX('Backing 4'!U:U,MATCH(T100,'Backing 4'!T:T,0))) -> #N/A | T100: =IF(O100="","",IF(D100="1 - Executive","",D100&" & "&P100)) -> Junior Officer & Sales & Marketing | U100: =IF(V100="","",INDEX('Backing 4'!Z:Z,MATCH(V100,'Backing 4'!Y:Y,0))) -> #N/A | V100: =IF(O100="","",IF(D100="1 - Executive","",D100)) -> Junior Officer | W100: 3 | X100: =IF(E100="Y","",IF(Y100="Y",INDEX('Backing 2'!B:B,MATCH(D100,'Backing 2'!C:C,0)),D100)) -> Junior Officer | Y100: N | Z100: 3 | AA100: 20 to 29 | AB100: 28 | AC100: France | AD100: Europe | AE100: Europe | AF100: 42826 | AG100: 3 | AH100: =RAND() -> 0.73338845
A101: 100 | B101: Male | C101: 3 | D101: Senior Manager | E101: N | F101: 3 | G101: No | H101: Yes | I101: 0.5 | J101: No | K101: Y | L101: Internal Services | M101: 0 | N101: 3 | O101: Senior Manager | P101: Internal Services | Q101: Full Time | R101: Full Time | S101: =IF(T101="","",INDEX('Backing 4'!U:U,MATCH(T101,'Backing 4'!T:T,0))) -> #N/A | T101: =IF(O101="","",IF(D101="1 - Executive","",D101&" & "&P101)) -> Senior Manager & Internal Services | U101: =IF(V101="","",INDEX('Backing 4'!Z:Z,MATCH(V101,'Backing 4'!Y:Y,0))) -> #N/A | V101: =IF(O101="","",IF(D101="1 - Executive","",D101)) -> Senior Manager | W101: 2 | X101: =IF(E101="Y","",IF(Y101="Y",INDEX('Backing 2'!B:B,MATCH(D101,'Backing 2'!C:C,0)),D101)) -> Senior Manager | Y101: N | Z101: 3 | AA101: 30 to 39 | AB101: 39 | AC101: Germany | AD101: Europe | AE101: Europe | AF101: 41730 | AG101: 6 | AH101: =RAND() -> 0.50618048
A102: 101 | B102: Female | C102: 6 | D102: Junior Officer | E102: N | F102: 2 | G102: No | H102: Yes | I102: 0.5 | J102: No | K102: Y | L102: Sales & Marketing | M102: 0 | N102: 6 | O102: Junior Officer | P102: Sales & Marketing | Q102: Full Time | R102: Full Time | S102: =IF(T102="","",INDEX('Backing 4'!U:U,MATCH(T102,'Backing 4'!T:T,0))) -> #N/A | T102: =IF(O102="","",IF(D102="1 - Executive","",D102&" & "&P102)) -> Junior Officer & Sales & Marketing | U102: =IF(V102="","",INDEX('Backing 4'!Z:Z,MATCH(V102,'Backing 4'!Y:Y,0))) -> #N/A | V102: =IF(O102="","",IF(D102="1 - Executive","",D102)) -> Junior Officer | W102: 2 | X102: =IF(E102="Y","",IF(Y102="Y",INDEX('Backing 2'!B:B,MATCH(D102,'Backing 2'!C:C,0)),D102)) -> Junior Officer | Y102: N | Z102: 3 | AA102: 20 to 29 | AB102: 22 | AC102: Germany | AD102: Europe | AE102: Europe | AF102: 43191 | AG102: 2 | AH102: =RAND() -> 0.67613662
A103: 102 | B103: Female | C103: 4 | D103: Manager | E103: N | F103: 2 | G103: No | H103: Yes | I103: 0.5 | J103: No | K103: Y | L103: Operations | M103: 0 | N103: 4 | O103: Manager | P103: Operations | Q103: Full Time | R103: Full Time | S103: =IF(T103="","",INDEX('Backing 4'!U:U,MATCH(T103,'Backing 4'!T:T,0))) -> #N/A | T103: =IF(O103="","",IF(D103="1 - Executive","",D103&" & "&P103)) -> Manager & Operations | U103: =IF(V103="","",INDEX('Backing 4'!Z:Z,MATCH(V103,'Backing 4'!Y:Y,0))) -> #N/A | V103: =IF(O103="","",IF(D103="1 - Executive","",D103)) -> Manager | W103: 2 | X103: =IF(E103="Y","",IF(Y103="Y",INDEX('Backing 2'!B:B,MATCH(D103,'Backing 2'!C:C,0)),D103)) -> Manager | Y103: N | Z103: 0 | AA103: 40 to 49 | AB103: 40 | AC103: Israel | AD103: Middle East | AE103: Elsewhere | AF103: 43191 | AG103: 2 | AH103: =RAND() -> 0.18657575
A104: 103 | B104: Male | C104: 6 | D104: Junior Officer | E104: N | F104: 2 | G104: No | H104: Yes | I104: 0.5 | J104: No | K104: Y | L104: Sales & Marketing | M104: 0 | N104: 6 | O104: Junior Officer | P104: Sales & Marketing | Q104: Full Time | R104: Full Time | S104: =IF(T104="","",INDEX('Backing 4'!U:U,MATCH(T104,'Backing 4'!T:T,0))) -> #N/A | T104: =IF(O104="","",IF(D104="1 - Executive","",D104&" & "&P104)) -> Junior Officer & Sales & Marketing | U104: =IF(V104="","",INDEX('Backing 4'!Z:Z,MATCH(V104,'Backing 4'!Y:Y,0))) -> #N/A | V104: =IF(O104="","",IF(D104="1 - Executive","",D104)) -> Junior Officer | W104: 5 | X104: =IF(E104="Y","",IF(Y104="Y",INDEX('Backing 2'!B:B,MATCH(D104,'Backing 2'!C:C,0)),D104)) -> Junior Officer | Y104: N | Z104: 3 | AA104: 20 to 29 | AB104: 22 | AC104: France | AD104: Europe | AE104: Europe | AF104: 42095 | AG104: 5 | AH104: =RAND() -> 0.7467405
A105: 104 | B105: Female | C105: 5 | D105: Senior Officer | E105: N | F105: 2 | G105: No | H105: Yes | I105: 0.5 | J105: No | K105: Y | L105: Sales & Marketing | M105: 0 | N105: 5 | O105: Senior Officer | P105: Sales & Marketing | Q105: Full Time | R105: Full Time | S105: =IF(T105="","",INDEX('Backing 4'!U:U,MATCH(T105,'Backing 4'!T:T,0))) -> #N/A | T105: =IF(O105="","",IF(D105="1 - Executive","",D105&" & "&P105)) -> Senior Officer & Sales & Marketing | U105: =IF(V105="","",INDEX('Backing 4'!Z:Z,MATCH(V105,'Backing 4'!Y:Y,0))) -> #N/A | V105: =IF(O105="","",IF(D105="1 - Executive","",D105)) -> Senior Officer | W105: 3 | X105: =IF(E105="Y","",IF(Y105="Y",INDEX('Backing 2'!B:B,MATCH(D105,'Backing 2'!C:C,0)),D105)) -> Senior Officer | Y105: N | Z105: 2 | AA105: 20 to 29 | AB105: 28 | AC105: Switzerland | AD105: Switzerland | AE105: Switzerland | AF105: 42095 | AG105: 5 | AH105: =RAND() -> 0.85111408
A106: 105 | B106: Male | C106: 4 | D106: Manager | E106: Y | F106: 0 | G106: No | H106: No | I106: 0.5 | J106: No | K106: N | L106: Sales & Marketing | M106: 0 | N106: 4 | O106: Manager | P106: Sales & Marketing | Q106: Full Time | R106: Full Time | S106: =IF(T106="","",INDEX('Backing 4'!U:U,MATCH(T106,'Backing 4'!T:T,0))) -> #N/A | T106: =IF(O106="","",IF(D106="1 - Executive","",D106&" & "&P106)) -> Manager & Sales & Marketing | U106: =IF(V106="","",INDEX('Backing 4'!Z:Z,MATCH(V106,'Backing 4'!Y:Y,0))) -> #N/A | V106: =IF(O106="","",IF(D106="1 - Executive","",D106)) -> Manager | W106: 0 | X106: =IF(E106="Y","",IF(Y106="Y",INDEX('Backing 2'!B:B,MATCH(D106,'Backing 2'!C:C,0)),D106)) | Y106: N | Z106: 0 | AA106: 30 to 39 | AB106: 30 | AC106: France | AD106: Europe | AE106: Europe | AF106: 43922 | AG106: 0 | AH106: =RAND() -> 0.21562281
A107: 106 | B107: Male | C107: 2 | D107: Director | E107: N | F107: 1 | G107: No | H107: Yes | I107: 0.5 | J107: No | K107: Y | L107: Sales & Marketing | M107: 0 | N107: 2 | O107: Director | P107: Sales & Marketing | Q107: Full Time | R107: Full Time | S107: =IF(T107="","",INDEX('Backing 4'!U:U,MATCH(T107,'Backing 4'!T:T,0))) -> #N/A | T107: =IF(O107="","",IF(D107="1 - Executive","",D107&" & "&P107)) -> Director & Sales & Marketing | U107: Uneven - Men benefit | V107: =IF(O107="","",IF(D107="1 - Executive","",D107)) -> Director | W107: 3 | X107: =IF(E107="Y","",IF(Y107="Y",INDEX('Backing 2'!B:B,MATCH(D107,'Backing 2'!C:C,0)),D107)) -> Director | Y107: N | Z107: 3 | AA107: 30 to 39 | AB107: 35 | AC107: France | AD107: Europe | AE107: Europe | AF107: 42826 | AG107: 3 | AH107: =RAND() -> 0.32187727
A108: 107 | B108: Female | C108: 6 | D108: Junior Officer | E108: N | F108: 2 | G108: No | H108: Yes | I108: 0.5 | J108: No | K108: Y | L108: Operations | M108: 0 | N108: 6 | O108: Junior Officer | P108: Operations | Q108: Full Time | R108: Full Time | S108: =IF(T108="","",INDEX('Backing 4'!U:U,MATCH(T108,'Backing 4'!T:T,0))) -> #N/A | T108: =IF(O108="","",IF(D108="1 - Executive","",D108&" & "&P108)) -> Junior Officer & Operations | U108: =IF(V108="","",INDEX('Backing 4'!Z:Z,MATCH(V108,'Backing 4'!Y:Y,0))) -> #N/A | V108: =IF(O108="","",IF(D108="1 - Executive","",D108)) -> Junior Officer | W108: 2 | X108: =IF(E108="Y","",IF(Y108="Y",INDEX('Backing 2'!B:B,MATCH(D108,'Backing 2'!C:C,0)),D108)) -> Junior Officer | Y108: N | Z108: 2 | AA108: 20 to 29 | AB108: 23 | AC108: Switzerland | AD108: Switzerland | AE108: Switzerland | AF108: 43191 | AG108: 2 | AH108: =RAND() -> 0.84282794
...

Sheet Sheet1

Sheet Backing 1
A1: RAND | B1: Employee ID | C1: GENDER | D1: GRADE | E1: Position | F1: FUNCTION | G1: OC_RATE | H1: PERFORM | I1: Y_GRADE | J1: AGE | K1: Y_SERVIC | L1: Nationality | M1: Rank 2
A2: =RAND() -> 0.61797765 | B2: 1 | C2: Male | D2: 1 | E2: Junior Officer | F2: Operations | G2: 1 | H2: 2 | I2: 1 | J2: 48 | K2: 6 | L2: Spain | M2: 74
A3: =RAND() -> 0.56541998 | B3: 2 | C3: Female | D3: 3 | E3: Manager | F3: Sales & Marketing | G3: 1 | H3: 2 | I3: 3 | J3: 29 | K3: 1 | L3: Germany | M3: 320
A4: =RAND() -> 0.44003835 | B4: 3 | C4: Male | D4: 5 | E4: Director | F4: Strategy | G4: 1 | H4: 3 | I4: 1 | J4: 31 | K4: 5 | L4: Switzerland | M4: 66
A5: =RAND() -> 0.43699271 | B5: 4 | C5: Male | D5: 3 | E5: Manager | F5: HR | G5: 1 | H5: 3 | I5: 1 | J5: 27 | K5: 1 | L5: Germany | M5: 153
A6: =RAND() -> 0.93100647 | B6: 5 | C6: Female | D6: 1 | E6: Junior Officer | F6: Sales & Marketing | G6: 1 | H6: 3 | I6: 4 | J6: 36 | K6: 1 | L6: Switzerland | M6: 460
A7: =RAND() -> 0.60237099 | B7: 6 | C7: Male | D7: 3 | E7: Manager | F7: Internal Services | G7: 1 | H7: 2 | I7: 3 | J7: 49 | K7: 0 | L7: Switzerland | M7: 339
A8: =RAND() -> 0.44386798 | B8: 7 | C8: Male | D8: 4 | E8: Senior Manager | F8: Operations | G8: 1 | H8: 2 | I8: 3 | J8: 47 | K8: 0 | L8: Italy | M8: 335
A9: =RAND() -> 0.73601847 | B9: 8 | C9: Female | D9: 2 | E9: Senior Officer | F9: HR | G9: 1 | H9: 2 | I9: 2 | J9: 44 | K9: 7 | L9: Switzerland | M9: 197
A10: =RAND() -> 0.21415199 | B10: 9 | C10: Male | D10: 1 | E10: Junior Officer | F10: Sales & Marketing | G10: 1 | H10: 2 | I10: 3 | J10: 43 | K10: 4 | L10: United States | M10: 356
A11: =RAND() -> 0.59458344 | B11: 10 | C11: Male | D11: 1 | E11: Junior Officer | F11: Internal Services | G11: 1 | H11: 2 | I11: 1 | J11: 58 | K11: 3 | L11: Switzerland | M11: 100
A12: =RAND() -> 0.30467492 | B12: 11 | C12: Male | D12: 3 | E12: Manager | F12: Operations | G12: 1 | H12: 2 | I12: 5 | J12: 49 | K12: 9 | L12: Switzerland | M12: 463
A13: =RAND() -> 0.37000014 | B13: 12 | C13: Male | D13: 2 | E13: Senior Officer | F13: Strategy | G13: 1 | H13: 2 | I13: 3 | J13: 43 | K13: 7 | L13: France | M13: 341
... A501: =RAND() -> 0.51562298 | B501: 500 | C501: Male | D501: 4 | E501: Senior Manager | F501: Operations | G501: 1 | H501: 2 | I501: 3 | J501: 43 | K501: 9 | L501: Switzerland | M501: 354

Sheet Backing 2
B2: 3 - Senior Manager | C2: 2 - Director
B3: 5 - Senior Officer | C3: 4 - Manager
B4: 6 - Junior Officer | C4: 5 - Senior Officer
B5: 4 - Manager | C5: 3 - Senior Manager
B6: 2 - Director | C6: 1 - Executive

Sheet Backing 3
E2: =SUM(E3:E23) -> 500
C3: 1 | D3: United States | E3: 6
C4: 2 | D4: Belgium | E4: 1
C5: 3 | D5: United Kingdom | E5: 8
C6: 4 | D6: Canada | E6: 1
C7: 5 | D7: China | E7: 1
C8: 6 | D8: Austria | E8: 5
C9: 7 | D9: Denmark | E9: 1
C10: 8 | D10: Netherlands | E10: 4
C11: 9 | D11: France | E11: 92
C12: 10 | D12: Germany | E12: 65
C13: 11 | D13: Greece | E13: 1
C14: 12 | D14: Russia | E14: 2
... C23: 21 | D23: Switzerland | E23: 268

Sheet Backing 4
E1: 1 | F1: 2 | G1: 3 | H1: 4 | I1: 5 | J1: 6
E2: =SUM(E4:E9) -> 191 | F2: =SUM(F4:F9) -> 103 | G2: =SUM(G4:G9) -> 87 | H2: =SUM(H4:H9) -> 62 | I2: =SUM(I4:I9) -> 38 | J2: =SUM(J4:J9) -> 19 | Q2: Total | R2: F | S2: M
E3: 191 | F3: 103 | G3: 87 | H3: 62 | I3: 38 | J3: 19 | Q3: =COUNTIF('Pharma Group AG'!$T:$T,T3) -> 0 | T3: 2 - Director & Finance | U3: Inconclusive | Y3: 2 - Director | Z3: Even
C4: Finance | E4: 4 | F4: 4 | G4: 4 | H4: 3 | I4: 2 | J4: 1 | Q4: =COUNTIF('Pharma Group AG'!$T:$T,T4) -> 0 | T4: 2 - Director & HR | U4: Inconclusive | Y4: 3 - Senior Manager | Z4: Uneven - Men benefit
C5: HR | E5: 4 | F5: 3 | G5: 4 | H5: 3 | I5: 2 | J5: 1 | Q5: =COUNTIF('Pharma Group AG'!$T:$T,T5) -> 0 | T5: 2 - Director & Internal Services | U5: Inconclusive | Y5: 4 - Manager | Z5: Even
C6: Internal Services | E6: 25 | F6: 12 | G6: 14 | H6: 10 | I6: 10 | J6: 2 | Q6: =COUNTIF('Pharma Group AG'!$T:$T,T6) -> 0 | T6: 2 - Director & Operations | U6: Even | Y6: 5 - Senior Officer | Z6: Even
C7: Operations | E7: 98 | F7: 38 | G7: 35 | H7: 24 | I7: 11 | J7: 1 | Q7: =COUNTIF('Pharma Group AG'!$T:$T,T7) -> 0 | T7: 2 - Director & Sales & Marketing | U7: Inconclusive | Y7: 6 - Junior Officer | Z7: Even
C8: Sales & Marketing | E8: 58 | F8: 44 | G8: 28 | H8: 20 | I8: 10 | J8: 1 | Q8: =COUNTIF('Pharma Group AG'!$T:$T,T8) -> 0 | T8: 2 - Director & Strategy | U8: Inconclusive
C9: Strategy | E9: 2 | F9: 2 | G9: 2 | H9: 2 | I9: 3 | J9: 13 | Q9: =COUNTIF('Pharma Group AG'!$T:$T,T9) -> 0 | T9: 3 - Senior Manager & Finance | U9: Inconclusive
Q10: =COUNTIF('Pharma Group AG'!$T:$T,T10) -> 0 | T10: 3 - Senior Manager & HR | U10: Inconclusive
Q11: =COUNTIF('Pharma Group AG'!$T:$T,T11) -> 0 | T11: 3 - Senior Manager & Internal Services | U11: Uneven - Men benefit
Q12: =COUNTIF('Pharma Group AG'!$T:$T,T12) -> 0 | T12: 3 - Senior Manager & Operations | U12: Even
Q13: =COUNTIF('Pharma Group AG'!$T:$T,T13) -> 0 | T13: 3 - Senior Manager & Sales & Marketing | U13: Uneven - Men benefit
Q14: =COUNTIF('Pharma Group AG'!$T:$T,T14) -> 0 | T14: 3 - Senior Manager & Strategy | U14: Inconclusive
J15: 1 | K15: 2 | M15: 1 | N15: 0 | Q15: =COUNTIF('Pharma Group AG'!$T:$T,T15) -> 0 | T15: 4 - Manager & Finance | U15: Inconclusive
J16: 2 | K16: 3 | M16: 2 | N16: 0 | Q16: =COUNTIF('Pharma Group AG'!$T:$T,T16) -> 0 | T16: 4 - Manager & HR | U16: Inconclusive
J17: 3 | K17: 2 | M17: 3 | N17: 0 | Q17: =COUNTIF('Pharma Group AG'!$T:$T,T17) -> 0 | T17: 4 - Manager & Internal Services | U17: Even
J18: 4 | K18: 2 | M18: 4 | N18: 0 | Q18: =COUNTIF('Pharma Group AG'!$T:$T,T18) -> 0 | T18: 4 - Manager & Operations | U18: Even
J19: 5 | K19: 3 | M19: 5 | N19: 0 | Q19: =COUNTIF('Pharma Group AG'!$T:$T,T19) -> 0 | T19: 4 - Manager & Sales & Marketing | U19: Uneven - Men benefit
J20: 6 | K20: 2 | M20: 6 | N20: 0 | Q20: =COUNTIF('Pharma Group AG'!$T:$T,T20) -> 0 | T20: 4 - Manager & Strategy | U20: Inconclusive
J21: 7 | K21: 2 | M21: 7 | N21: 0 | Q21: =COUNTIF('Pharma Group AG'!$T:$T,T21) -> 0 | T21: 5 - Senior Officer & Finance | U21: Inconclusive
J22: 8 | K22: 2 | M22: 8 | N22: 0 | Q22: =COUNTIF('Pharma Group AG'!$T:$T,T22) -> 0 | T22: 5 - Senior Officer & HR | U22: Inconclusive
J23: 9 | K23: 2 | M23: 9 | N23: 0 | Q23: =COUNTIF('Pharma Group AG'!$T:$T,T23) -> 0 | T23: 5 - Senior Officer & Internal Services | U23: Even
J24: 10 | K24: 2 | M24: 10 | N24: 0 | Q24: =COUNTIF('Pharma Group AG'!$T:$T,T24) -> 0 | T24: 5 - Senior Officer & Operations | U24: Even
J25: 11 | K25: 2 | M25: 11 | N25: 0 | Q25: =COUNTIF('Pharma Group AG'!$T:$T,T25) -> 0 | T25: 5 - Senior Officer & Sales & Marketing | U25: Even
J26: 12 | K26: 2 | M26: 12 | N26: 0 | Q26: =COUNTIF('Pharma Group AG'!$T:$T,T26) -> 0 | T26: 5 - Senior Officer & Strategy | U26: Inconclusive
... J32: 18 | K32: 0 | M32: 18 | N32: 0 | Q32: =COUNTIF('Pharma Group AG'!$T:$T,T32) -> 0 | T32: 6 - Junior Officer & Strategy | U32: Inconclusive
J33: 19 | K33: 0 | M33: 19 | N33: 0
J34: 20 | K34: 1 | M34: 20 | N34: 0
J35: 21 | K35: 2 | M35: 21 | N35: 0
J36: 22 | K36: 3 | M36: 22 | N36: 0
J37: 23 | K37: 2 | M37: 23 | N37: 0
J38: 24 | K38: 2 | M38: 24 | N38: 0
J39: 25 | K39: 2 | M39: 25 | N39: 0
J40: 26 | K40: 2 | M40: 26 | N40: 0
J41: 27 | K41: 2 | M41: 27 | N41: 0
J42: 28 | K42: 3 | M42: 28 | N42: 0
J43: 29 | K43: 2 | M43: 29 | N43: 0
J44: 30 | K44: 2 | M44: 30 | N44: 0
... J514: 500 | K514: 3 | M514: 500 | N514: 9

Sheet Sheet2
